EV_ID,Year,State,Vehicle_Category,Manufacturer,Average_Price_INR,Average_Range_km,Sales_Units,Market_Share_percent,,
EV100083,2015,Andhra Pradesh,4W,Bajaj,1127000,349,976,2.7,,
EV100199,2015,Andhra Pradesh,2W,Bajaj,60000,131,2661,7.2,,
EV100255,2015,Andhra Pradesh,3W,Ola,83000,125,1731,4.7,,
EV100336,2015,Andhra Pradesh,2W,Ather,98000,125,996,2.7,,
EV100356,2015,Andhra Pradesh,2W,Hyundai,118000,117,6253,17.0,,
EV100395,2015,Andhra Pradesh,2W,Tata,152000,97,4626,12.6,,
EV100520,2015,Andhra Pradesh,Cargo,Tata,5199000,169,253,0.7,,
EV100743,2015,Andhra Pradesh,4W,BYD,849000,303,852,2.3,,
EV100936,2015,Andhra Pradesh,2W,Hyundai,62000,100,1924,5.2,,
EV100979,2015,Andhra Pradesh,2W,BYD,79000,132,5079,13.8,,
EV101033,2015,Andhra Pradesh,2W,MG,101000,94,4887,13.3,,
EV101148,2015,Andhra Pradesh,4W,Hero,493000,334,682,1.9,,
EV101154,2015,Andhra Pradesh,2W,Ather,95000,99,3970,10.8,,
EV101159,2015,Andhra Pradesh,Cargo,Mahindra,4694000,198,43,0.1,,
EV101166,2015,Andhra Pradesh,3W,Bajaj,105000,130,1818,5.0,,
EV100817,2015,Assam,2W,Bajaj,47000,137,2375,93.7,,
EV101045,2015,Assam,Bus,Ather,16694000,194,159,6.3,,
EV100332,2015,Bihar,2W,BYD,75000,139,1316,16.4,,
EV100616,2015,Bihar,2W,BYD,116000,127,6326,79.0,,
EV100639,2015,Bihar,2W,Hero,44000,106,244,3.1,,
EV100705,2015,Bihar,4W,Mahindra,914000,259,120,1.5,,
EV100056,2015,Chhattisgarh,4W,Tata,2603000,364,905,8.1,,
EV100211,2015,Chhattisgarh,4W,Hyundai,1565000,286,296,2.7,,
EV100300,2015,Chhattisgarh,3W,Ola,67000,98,1087,9.8,,
EV100315,2015,Chhattisgarh,4W,Ola,933000,360,1046,9.4,,
EV100619,2015,Chhattisgarh,Cargo,Hyundai,2332000,135,610,5.5,,
EV100701,2015,Chhattisgarh,2W,Hero,61000,93,4724,42.5,,
EV100860,2015,Chhattisgarh,4W,Ather,1827000,277,645,5.8,,
EV100947,2015,Chhattisgarh,2W,TVS,70000,150,1006,9.1,,
EV101176,2015,Chhattisgarh,4W,Hyundai,1056000,343,803,7.2,,
EV100156,2015,Delhi,4W,Bajaj,636000,253,1466,6.7,,
EV100354,2015,Delhi,2W,Hero,79000,87,2680,12.2,,
EV100373,2015,Delhi,2W,BYD,173000,104,1082,4.9,,
EV100443,2015,Delhi,2W,BYD,116000,116,6233,28.4,,
EV100494,2015,Delhi,3W,Ather,140000,157,233,1.1,,
EV100878,2015,Delhi,2W,BYD,166000,151,4169,19.0,,
EV101004,2015,Delhi,4W,Mahindra,1225000,304,735,3.3,,
EV101026,2015,Delhi,2W,Hyundai,86000,107,5390,24.5,,
EV100133,2015,Goa,3W,Mahindra,111000,144,502,2.7,,
EV100190,2015,Goa,2W,Tata,76000,138,3010,16.3,,
EV100422,2015,Goa,2W,Ather,46000,86,5257,28.4,,
EV100472,2015,Goa,3W,Hero,99000,106,89,0.5,,
EV100542,2015,Goa,2W,TVS,54000,109,7630,41.3,,
EV100696,2015,Goa,4W,Mahindra,2099000,268,537,2.9,,
EV100768,2015,Goa,4W,Bajaj,1026000,287,1289,7.0,,
EV100938,2015,Goa,3W,Hyundai,112000,103,168,0.9,,
EV100108,2015,Gujarat,3W,MG,234000,94,1988,7.7,,
EV100410,2015,Gujarat,2W,Ather,44000,150,6757,26.2,,
EV100684,2015,Gujarat,2W,Hyundai,140000,109,5280,20.5,,
EV100686,2015,Gujarat,4W,TVS,1352000,398,557,2.2,,
EV100919,2015,Gujarat,2W,MG,66000,140,2924,11.3,,
EV101079,2015,Gujarat,4W,MG,1657000,325,636,2.5,,
EV101089,2015,Gujarat,2W,Hero,53000,129,7633,29.6,,
EV100093,2015,Haryana,2W,TVS,69000,79,6002,24.4,,
EV100220,2015,Haryana,2W,Hyundai,61000,156,5308,21.6,,
EV100329,2015,Haryana,2W,Hero,41000,97,4981,20.2,,
EV100725,2015,Haryana,2W,Hyundai,70000,107,5333,21.7,,
EV100969,2015,Haryana,2W,Bajaj,69000,125,3003,12.2,,
EV100186,2015,Jharkhand,3W,Hyundai,156000,203,549,7.2,,
EV100577,2015,Jharkhand,2W,Tata,114000,155,5001,65.3,,
EV100865,2015,Jharkhand,4W,Hyundai,2302000,391,1343,17.5,,
EV101107,2015,Jharkhand,Bus,Hyundai,24170000,190,48,0.6,,
EV101156,2015,Jharkhand,4W,Hyundai,1329000,227,722,9.4,,
EV100299,2015,Karnataka,4W,Hyundai,2791000,417,563,6.0,,
EV100388,2015,Karnataka,4W,Mahindra,1403000,293,629,6.7,,
EV100465,2015,Karnataka,Cargo,TVS,1177000,204,240,2.6,,
EV100479,2015,Karnataka,Cargo,TVS,2622000,163,189,2.0,,
EV100832,2015,Karnataka,4W,Mahindra,2823000,320,283,3.0,,
EV100939,2015,Karnataka,2W,Ather,80000,161,7514,79.8,,
EV100088,2015,Kerala,2W,BYD,161000,101,3252,16.9,,
EV100118,2015,Kerala,2W,Hyundai,66000,114,7302,38.0,,
EV100316,2015,Kerala,4W,BYD,934000,280,1481,7.7,,
EV100535,2015,Kerala,2W,Hyundai,149000,113,4325,22.5,,
EV100775,2015,Kerala,4W,Hero,472000,352,498,2.6,,
EV101147,2015,Kerala,2W,Bajaj,31000,104,2081,10.8,,
EV101172,2015,Kerala,2W,Mahindra,69000,116,296,1.5,,
EV100024,2015,Madhya Pradesh,4W,BYD,2945000,300,1243,8.7,,
EV100241,2015,Madhya Pradesh,4W,MG,1196000,275,680,4.8,,
EV100273,2015,Madhya Pradesh,2W,Mahindra,85000,77,2136,15.0,,
EV100322,2015,Madhya Pradesh,2W,MG,115000,137,4960,34.7,,
EV100431,2015,Madhya Pradesh,2W,BYD,83000,104,3172,22.2,,
EV101134,2015,Madhya Pradesh,4W,TVS,747000,228,1470,10.3,,
EV101164,2015,Madhya Pradesh,2W,Tata,87000,108,615,4.3,,
EV100170,2015,Maharashtra,2W,Ola,44000,105,722,6.8,,
EV100269,2015,Maharashtra,Cargo,Tata,2329000,155,35,0.3,,
EV100622,2015,Maharashtra,2W,Bajaj,71000,165,7093,67.0,,
EV100827,2015,Maharashtra,4W,Bajaj,462000,302,1273,12.0,,
EV101008,2015,Maharashtra,4W,Bajaj,960000,364,1465,13.8,,
EV100180,2015,Odisha,3W,Hyundai,207000,116,1804,13.4,,
EV100524,2015,Odisha,3W,Mahindra,222000,127,478,3.6,,
EV101006,2015,Odisha,2W,Hyundai,96000,109,7620,56.7,,
EV101186,2015,Odisha,2W,Hero,57000,124,3533,26.3,,
EV100157,2015,Puducherry,2W,MG,74000,85,2585,10.7,,
EV100529,2015,Puducherry,2W,Ola,90000,141,4054,16.8,,
EV100724,2015,Puducherry,2W,MG,82000,143,1088,4.5,,
EV100738,2015,Puducherry,2W,Ola,52000,141,6400,26.5,,
EV100962,2015,Puducherry,2W,TVS,52000,149,7320,30.3,,
EV101009,2015,Puducherry,2W,Ola,62000,71,1595,6.6,,
EV101099,2015,Puducherry,4W,Hyundai,1556000,411,1116,4.6,,
EV100198,2015,Punjab,2W,Hero,53000,126,7910,43.0,,
EV100485,2015,Punjab,2W,Ola,73000,122,7878,42.8,,
EV100718,2015,Punjab,4W,Ola,809000,415,615,3.3,,
EV100721,2015,Punjab,2W,Ather,65000,126,1997,10.9,,
EV100097,2015,Rajasthan,2W,Bajaj,34000,141,475,1.8,,
EV100192,2015,Rajasthan,2W,BYD,80000,122,5878,22.2,,
EV100253,2015,Rajasthan,2W,Ather,111000,133,3603,13.6,,
EV100290,2015,Rajasthan,2W,Ather,54000,144,7737,29.2,,
EV100292,2015,Rajasthan,Cargo,Hero,2138000,198,131,0.5,,
EV100484,2015,Rajasthan,2W,TVS,50000,143,1999,7.5,,
EV100536,2015,Rajasthan,2W,Hero,57000,101,1809,6.8,,
EV100763,2015,Rajasthan,4W,Hero,1206000,307,855,3.2,,
EV100773,2015,Rajasthan,2W,BYD,125000,141,1667,6.3,,
EV100812,2015,Rajasthan,4W,BYD,1650000,375,1378,5.2,,
EV101037,2015,Rajasthan,2W,Bajaj,28000,148,992,3.7,,
EV100122,2015,Tamil Nadu,2W,TVS,56000,136,6874,24.4,,
EV100179,2015,Tamil Nadu,4W,MG,2376000,380,534,1.9,,
EV100321,2015,Tamil Nadu,2W,Bajaj,57000,138,6291,22.3,,
EV100451,2015,Tamil Nadu,2W,Ola,63000,128,6219,22.1,,
EV100592,2015,Tamil Nadu,2W,Hyundai,89000,111,7645,27.1,,
EV100893,2015,Tamil Nadu,Cargo,Hyundai,4408000,188,610,2.2,,
EV100236,2015,Telangana,4W,Ather,1749000,283,303,4.4,,
EV100688,2015,Telangana,2W,Mahindra,90000,96,5525,79.3,,
EV100697,2015,Telangana,4W,Tata,1099000,282,1140,16.4,,
EV100425,2015,Uttar Pradesh,2W,Bajaj,35000,104,4004,70.4,,
EV100640,2015,Uttar Pradesh,4W,Hyundai,1248000,311,306,5.4,,
EV100959,2015,Uttar Pradesh,4W,Hero,417000,366,1376,24.2,,
EV100028,2015,West Bengal,2W,TVS,50000,129,7338,27.4,,
EV100188,2015,West Bengal,2W,Bajaj,37000,127,5293,19.8,,
EV100478,2015,West Bengal,2W,BYD,130000,132,2985,11.2,,
EV100595,2015,West Bengal,2W,Tata,130000,141,2318,8.7,,
EV100665,2015,West Bengal,3W,TVS,125000,157,1664,6.2,,
EV100667,2015,West Bengal,2W,Ola,92000,139,1305,4.9,,
EV100830,2015,West Bengal,2W,BYD,121000,121,3445,12.9,,
EV101181,2015,West Bengal,4W,Ather,1852000,318,1066,4.0,,
EV101195,2015,West Bengal,3W,MG,239000,146,1352,5.1,,
EV100046,2016,Andhra Pradesh,Cargo,MG,5898000,211,597,2.7,,
EV100067,2016,Andhra Pradesh,2W,BYD,115000,116,7315,32.5,,
EV100201,2016,Andhra Pradesh,3W,Hero,59000,85,743,3.3,,
EV100284,2016,Andhra Pradesh,3W,Hyundai,195000,159,452,2.0,,
EV100573,2016,Andhra Pradesh,2W,TVS,74000,148,6610,29.4,,
EV100801,2016,Andhra Pradesh,4W,Ather,1769000,223,279,1.2,,
EV100957,2016,Andhra Pradesh,2W,Tata,154000,54,6489,28.9,,
EV100523,2016,Assam,2W,Mahindra,126000,110,2172,20.9,,
EV100586,2016,Assam,Bus,MG,24669000,187,88,0.9,,
EV100737,2016,Assam,2W,Hero,55000,123,7563,72.7,,
EV100955,2016,Assam,Cargo,Tata,5240000,160,574,5.5,,
EV100313,2016,Bihar,4W,Hero,1433000,345,349,3.2,,
EV100637,2016,Bihar,2W,Ather,69000,97,5034,46.0,,
EV100756,2016,Bihar,Bus,Bajaj,9160000,233,171,1.6,,
EV100872,2016,Bihar,2W,TVS,73000,150,5136,47.0,,
EV100976,2016,Bihar,4W,Tata,953000,282,248,2.3,,
EV100476,2016,Chhattisgarh,2W,BYD,133000,86,6355,84.3,,
EV100754,2016,Chhattisgarh,2W,TVS,75000,112,314,4.2,,
EV100816,2016,Chhattisgarh,Bus,MG,22330000,243,45,0.6,,
EV100840,2016,Chhattisgarh,4W,BYD,1345000,352,825,10.9,,
EV100061,2016,Delhi,2W,Ather,71000,130,3112,12.4,,
EV100145,2016,Delhi,2W,BYD,114000,95,2746,10.9,,
EV100285,2016,Delhi,3W,Ather,81000,140,2026,8.1,,
EV100507,2016,Delhi,2W,Hyundai,73000,102,2203,8.8,,
EV100875,2016,Delhi,2W,TVS,62000,115,7091,28.2,,
EV101178,2016,Delhi,2W,Tata,103000,109,7959,31.7,,
EV100043,2016,Goa,4W,Hero,394000,199,349,9.1,,
EV100077,2016,Goa,3W,BYD,251000,185,75,2.0,,
EV100489,2016,Goa,4W,Hero,1098000,294,160,4.2,,
EV100755,2016,Goa,2W,MG,148000,119,760,19.7,,
EV100924,2016,Goa,2W,Ola,97000,85,1390,36.1,,
EV101194,2016,Goa,4W,MG,767000,249,1121,29.1,,
EV100184,2016,Gujarat,4W,BYD,1703000,373,891,10.5,,
EV100349,2016,Gujarat,2W,Hyundai,62000,125,6513,76.7,,
EV100500,2016,Gujarat,4W,Bajaj,585000,358,936,11.0,,
EV101040,2016,Gujarat,Bus,Ola,8150000,239,147,1.7,,
EV100659,2016,Haryana,2W,Ather,93000,131,4045,55.4,,
EV100747,2016,Haryana,2W,Hero,79000,93,3260,44.6,,
EV100051,2016,Jharkhand,Bus,Ola,8962000,265,100,1.0,,
EV100193,2016,Jharkhand,Cargo,MG,5037000,192,509,5.3,,
EV100254,2016,Jharkhand,2W,Bajaj,31000,141,6462,67.3,,
EV100407,2016,Jharkhand,4W,MG,797000,264,1592,16.6,,
EV100610,2016,Jharkhand,2W,BYD,103000,97,804,8.4,,
EV101055,2016,Jharkhand,Bus,MG,12190000,213,139,1.5,,
EV100216,2016,Karnataka,4W,MG,954000,309,1116,93.9,,
EV100672,2016,Karnataka,Cargo,MG,1769000,178,73,6.1,,
EV100352,2016,Kerala,2W,Ather,87000,101,2684,14.3,,
EV100583,2016,Kerala,2W,BYD,165000,159,2873,15.4,,
EV100752,2016,Kerala,2W,Mahindra,89000,112,4927,26.3,,
EV100779,2016,Kerala,2W,MG,110000,139,5940,31.7,,
EV101011,2016,Kerala,3W,TVS,74000,140,822,4.4,,
EV101132,2016,Kerala,4W,Tata,1706000,379,1472,7.9,,
EV100471,2016,Madhya Pradesh,2W,TVS,54000,119,8296,48.7,,
EV100727,2016,Madhya Pradesh,4W,Tata,1096000,381,800,4.7,,
EV101130,2016,Madhya Pradesh,2W,Tata,120000,179,7930,46.6,,
EV100019,2016,Maharashtra,2W,TVS,51000,146,5352,35.0,,
EV100459,2016,Maharashtra,4W,Hyundai,2361000,343,996,6.5,,
EV100679,2016,Maharashtra,4W,Mahindra,2698000,369,514,3.4,,
EV100949,2016,Maharashtra,2W,Mahindra,90000,124,2040,13.3,,
EV101179,2016,Maharashtra,2W,BYD,169000,126,5775,37.8,,
EV101182,2016,Maharashtra,Cargo,Hero,1207000,133,614,4.0,,
EV100687,2016,Odisha,2W,Tata,128000,123,750,3.6,,
EV100759,2016,Odisha,2W,Hyundai,117000,122,8633,41.4,,
EV100782,2016,Odisha,2W,Tata,71000,113,2464,11.8,,
EV100849,2016,Odisha,2W,Bajaj,72000,114,2858,13.7,,
EV101077,2016,Odisha,2W,MG,69000,112,6128,29.4,,
EV100022,2016,Puducherry,Cargo,Tata,4797000,206,334,1.9,,
EV100245,2016,Puducherry,2W,Mahindra,68000,93,5741,33.3,,
EV100378,2016,Puducherry,2W,Hyundai,141000,158,6648,38.5,,
EV100732,2016,Puducherry,2W,MG,95000,123,3948,22.9,,
EV100997,2016,Puducherry,4W,Bajaj,837000,374,578,3.4,,
EV100069,2016,Punjab,2W,BYD,87000,139,6370,29.0,,
EV100239,2016,Punjab,2W,Hero,35000,119,6043,27.5,,
EV101128,2016,Punjab,2W,Hero,77000,145,4548,20.7,,
EV101175,2016,Punjab,2W,Hero,56000,125,4991,22.7,,
EV100194,2016,Rajasthan,4W,BYD,1842000,226,730,8.1,,
EV100346,2016,Rajasthan,4W,Ola,1595000,286,1102,12.2,,
EV100377,2016,Rajasthan,2W,Tata,86000,150,265,2.9,,
EV100807,2016,Rajasthan,2W,Bajaj,60000,74,6712,74.1,,
EV100886,2016,Rajasthan,2W,Mahindra,102000,95,244,2.7,,
EV100058,2016,Tamil Nadu,4W,Ather,1302000,310,479,4.9,,
EV100338,2016,Tamil Nadu,2W,Tata,154000,104,7810,79.9,,
EV100676,2016,Tamil Nadu,4W,Hero,911000,378,1483,15.2,,
EV100365,2016,Telangana,2W,Bajaj,47000,120,382,10.4,,
EV100491,2016,Telangana,3W,Hyundai,246000,123,1645,44.7,,
EV100913,2016,Telangana,4W,BYD,1253000,228,279,7.6,,
EV101198,2016,Telangana,2W,TVS,47000,136,1376,37.4,,
EV100426,2016,Uttar Pradesh,2W,Hyundai,68000,109,5842,75.8,,
EV100698,2016,Uttar Pradesh,3W,TVS,132000,129,773,10.0,,
EV100971,2016,Uttar Pradesh,4W,BYD,3198000,278,1090,14.2,,
EV100107,2016,West Bengal,4W,TVS,1461000,263,842,26.0,,
EV100283,2016,West Bengal,4W,BYD,1191000,296,1043,32.2,,
EV101152,2016,West Bengal,4W,Hyundai,2939000,251,1351,41.8,,
EV100263,2017,Andhra Pradesh,4W,Mahindra,2445000,316,633,6.1,,
EV100519,2017,Andhra Pradesh,Cargo,Bajaj,1098000,194,536,5.2,,
EV100521,2017,Andhra Pradesh,2W,Ather,94000,127,4901,47.3,,
EV100844,2017,Andhra Pradesh,2W,Hero,48000,154,4296,41.4,,
EV100200,2017,Assam,2W,Bajaj,30000,109,8127,23.7,,
EV100302,2017,Assam,2W,Ola,46000,139,5176,15.1,,
EV100325,2017,Assam,2W,Hyundai,116000,130,8938,26.0,,
EV100569,2017,Assam,2W,MG,142000,115,6105,17.8,,
EV100986,2017,Assam,2W,MG,70000,121,5986,17.4,,
EV100131,2017,Bihar,3W,Ather,82000,158,114,3.6,,
EV100248,2017,Bihar,Cargo,Tata,5897000,183,871,27.5,,
EV100436,2017,Bihar,4W,Tata,885000,425,406,12.8,,
EV100549,2017,Bihar,4W,BYD,2438000,243,243,7.7,,
EV100852,2017,Bihar,2W,Hyundai,117000,113,1539,48.5,,
EV100113,2017,Chhattisgarh,4W,MG,3134000,364,429,2.2,,
EV100230,2017,Chhattisgarh,2W,Ather,52000,117,6890,36.0,,
EV100463,2017,Chhattisgarh,4W,Hyundai,2998000,303,386,2.0,,
EV100617,2017,Chhattisgarh,4W,Ather,1095000,278,1102,5.8,,
EV100709,2017,Chhattisgarh,2W,MG,100000,153,1017,5.3,,
EV100879,2017,Chhattisgarh,4W,Bajaj,1181000,333,468,2.4,,
EV101174,2017,Chhattisgarh,2W,Hyundai,94000,123,8865,46.3,,
EV100364,2017,Delhi,Cargo,TVS,1238000,226,198,1.3,,
EV100412,2017,Delhi,2W,Tata,150000,93,4964,31.9,,
EV100492,2017,Delhi,4W,BYD,3022000,273,1279,8.2,,
EV100786,2017,Delhi,4W,Hyundai,1871000,308,231,1.5,,
EV100803,2017,Delhi,4W,BYD,2460000,299,1466,9.4,,
EV101122,2017,Delhi,2W,Ola,49000,141,5352,34.4,,
EV101177,2017,Delhi,2W,MG,168000,108,2085,13.4,,
EV100318,2017,Goa,4W,MG,1442000,299,1148,21.7,,
EV100320,2017,Goa,2W,BYD,142000,83,4154,78.4,,
EV100119,2017,Gujarat,Bus,Mahindra,20181000,197,196,2.2,,
EV100228,2017,Gujarat,4W,Ather,1744000,331,311,3.4,,
EV100553,2017,Gujarat,Cargo,Ather,2885000,260,445,4.9,,
EV100601,2017,Gujarat,2W,MG,131000,127,8164,89.6,,
EV100032,2017,Haryana,4W,Ola,1325000,443,1462,5.4,,
EV100036,2017,Haryana,2W,Hero,62000,115,7742,28.8,,
EV100143,2017,Haryana,2W,Hero,37000,122,8073,30.0,,
EV100337,2017,Haryana,Cargo,TVS,2670000,199,145,0.5,,
EV100490,2017,Haryana,2W,Tata,135000,166,3534,13.1,,
EV100609,2017,Haryana,4W,Hyundai,2216000,285,947,3.5,,
EV100799,2017,Haryana,2W,Mahindra,106000,93,3440,12.8,,
EV100968,2017,Haryana,3W,Hero,98000,136,1398,5.2,,
EV101058,2017,Haryana,3W,Bajaj,44000,128,162,0.6,,
EV100264,2017,Jharkhand,4W,Ola,771000,416,1497,4.3,,
EV100287,2017,Jharkhand,2W,BYD,90000,102,5673,16.3,,
EV100403,2017,Jharkhand,2W,Tata,74000,133,9245,26.5,,
EV100483,2017,Jharkhand,2W,Tata,131000,98,1141,3.3,,
EV100644,2017,Jharkhand,4W,Hero,1226000,271,1012,2.9,,
EV100798,2017,Jharkhand,2W,Bajaj,36000,97,739,2.1,,
EV100833,2017,Jharkhand,2W,Bajaj,69000,106,4828,13.9,,
EV100934,2017,Jharkhand,2W,MG,163000,128,4812,13.8,,
EV100977,2017,Jharkhand,4W,Hero,523000,389,724,2.1,,
EV101002,2017,Jharkhand,2W,BYD,155000,98,5199,14.9,,
EV100092,2017,Karnataka,2W,Bajaj,69000,135,5955,27.6,,
EV100298,2017,Karnataka,2W,MG,94000,134,7801,36.1,,
EV100717,2017,Karnataka,2W,TVS,85000,118,1832,8.5,,
EV100978,2017,Karnataka,2W,MG,135000,135,4878,22.6,,
EV101184,2017,Karnataka,3W,TVS,65000,131,1139,5.3,,
EV100016,2017,Kerala,4W,Hyundai,2016000,298,766,4.2,,
EV100533,2017,Kerala,4W,Bajaj,526000,190,1561,8.6,,
EV100870,2017,Kerala,2W,Ola,73000,117,7360,40.6,,
EV100907,2017,Kerala,2W,Tata,62000,175,8141,44.9,,
EV100946,2017,Kerala,Cargo,MG,4295000,155,314,1.7,,
EV100409,2017,Madhya Pradesh,4W,Hyundai,776000,393,684,2.1,,
EV100480,2017,Madhya Pradesh,2W,Tata,117000,132,9249,28.3,,
EV100545,2017,Madhya Pradesh,2W,Bajaj,50000,113,1325,4.1,,
EV100607,2017,Madhya Pradesh,3W,Ather,135000,129,1711,5.2,,
EV100634,2017,Madhya Pradesh,2W,Ola,45000,107,5853,17.9,,
EV100735,2017,Madhya Pradesh,2W,TVS,63000,170,8315,25.5,,
EV100990,2017,Madhya Pradesh,2W,Hyundai,108000,151,4039,12.4,,
EV101017,2017,Madhya Pradesh,4W,Bajaj,1342000,404,1462,4.5,,
EV100281,2017,Maharashtra,2W,BYD,67000,106,6769,66.4,,
EV100670,2017,Maharashtra,4W,Ola,517000,281,656,6.4,,
EV100758,2017,Maharashtra,4W,Ather,889000,311,1567,15.4,,
EV101015,2017,Maharashtra,4W,Ather,539000,365,1209,11.9,,
EV100121,2017,Odisha,3W,Bajaj,75000,102,1713,8.4,,
EV100185,2017,Odisha,2W,Hyundai,109000,155,2794,13.7,,
EV100231,2017,Odisha,2W,Mahindra,108000,131,6346,31.0,,
EV100381,2017,Odisha,2W,Hero,44000,114,2219,10.8,,
EV100438,2017,Odisha,3W,BYD,142000,171,1666,8.1,,
EV100541,2017,Odisha,2W,Bajaj,33000,120,306,1.5,,
EV100853,2017,Odisha,2W,Ather,98000,75,5423,26.5,,
EV100055,2017,Punjab,2W,Mahindra,107000,112,7290,36.3,,
EV100117,2017,Punjab,2W,Mahindra,101000,116,2368,11.8,,
EV100673,2017,Punjab,3W,Hero,55000,127,1506,7.5,,
EV101057,2017,Punjab,2W,Mahindra,77000,112,6882,34.2,,
EV101190,2017,Punjab,2W,Tata,146000,118,2062,10.3,,
EV100375,2017,Rajasthan,2W,Tata,158000,88,5362,25.2,,
EV100477,2017,Rajasthan,2W,BYD,155000,100,6494,30.5,,
EV100501,2017,Rajasthan,2W,Ather,58000,121,3585,16.8,,
EV101168,2017,Rajasthan,2W,MG,148000,107,863,4.1,,
EV101193,2017,Rajasthan,2W,Mahindra,121000,117,5013,23.5,,
EV100038,2017,Tamil Nadu,Cargo,Hyundai,1931000,168,568,3.6,,
EV100096,2017,Tamil Nadu,2W,MG,93000,134,512,3.2,,
EV100262,2017,Tamil Nadu,3W,Hero,124000,168,1488,9.3,,
EV100722,2017,Tamil Nadu,4W,MG,3095000,354,545,3.4,,
EV100749,2017,Tamil Nadu,4W,Ather,648000,270,277,1.7,,
EV100906,2017,Tamil Nadu,2W,Mahindra,125000,119,6137,38.4,,
EV101093,2017,Tamil Nadu,2W,Ola,53000,127,3153,19.7,,
EV101110,2017,Tamil Nadu,2W,TVS,35000,84,3312,20.7,,
EV100007,2017,Telangana,2W,Hero,78000,114,7314,20.0,,
EV100171,2017,Telangana,2W,Bajaj,41000,102,7359,20.2,,
EV100343,2017,Telangana,2W,Hyundai,153000,125,9089,24.9,,
EV100700,2017,Telangana,2W,Bajaj,48000,136,1223,3.4,,
EV100928,2017,Telangana,2W,Tata,61000,152,5694,15.6,,
EV101020,2017,Telangana,2W,Hero,47000,142,2278,6.2,,
EV101022,2017,Telangana,4W,Hyundai,2170000,392,1257,3.4,,
EV101171,2017,Telangana,3W,Tata,228000,100,2296,6.3,,
EV100163,2017,Uttar Pradesh,3W,Hyundai,151000,141,912,7.1,,
EV100279,2017,Uttar Pradesh,4W,Ather,570000,289,187,1.5,,
EV100308,2017,Uttar Pradesh,Cargo,Hero,2146000,154,636,4.9,,
EV100846,2017,Uttar Pradesh,2W,Hyundai,148000,127,4018,31.2,,
EV100922,2017,Uttar Pradesh,2W,Ola,59000,164,4212,32.8,,
EV101138,2017,Uttar Pradesh,2W,MG,103000,116,2897,22.5,,
EV100095,2017,West Bengal,3W,BYD,181000,127,676,5.3,,
EV100224,2017,West Bengal,Bus,Hero,7933000,224,213,1.7,,
EV100331,2017,West Bengal,3W,BYD,274000,108,2314,18.3,,
EV100590,2017,West Bengal,Cargo,Mahindra,4703000,185,97,0.8,,
EV100633,2017,West Bengal,2W,Ola,58000,83,8719,68.8,,
EV100767,2017,West Bengal,Cargo,Tata,4920000,116,592,4.7,,
EV100804,2017,West Bengal,Cargo,Mahindra,4090000,212,70,0.6,,
EV100134,2018,Andhra Pradesh,2W,Bajaj,30000,141,2741,36.3,,
EV100873,2018,Andhra Pradesh,4W,TVS,982000,283,234,3.1,,
EV101054,2018,Andhra Pradesh,2W,Tata,75000,131,4571,60.6,,
EV100135,2018,Assam,2W,TVS,40000,69,7371,43.2,,
EV100723,2018,Assam,4W,Hero,396000,291,1318,7.7,,
EV100795,2018,Assam,2W,Bajaj,33000,124,2312,13.6,,
EV100933,2018,Assam,4W,Hyundai,2320000,380,662,3.9,,
EV100993,2018,Assam,2W,Bajaj,33000,167,5164,30.3,,
EV101027,2018,Assam,Cargo,Tata,1630000,166,230,1.4,,
EV100065,2018,Bihar,2W,Ola,81000,104,6590,41.9,,
EV101103,2018,Bihar,2W,Tata,144000,135,9151,58.1,,
EV100294,2018,Chhattisgarh,4W,Ather,1086000,346,1170,16.7,,
EV100406,2018,Chhattisgarh,2W,Bajaj,30000,116,4175,59.4,,
EV100910,2018,Chhattisgarh,2W,Tata,127000,110,1278,18.2,,
EV101050,2018,Chhattisgarh,Cargo,BYD,2593000,142,401,5.7,,
EV100052,2018,Delhi,2W,Tata,97000,106,2312,19.2,,
EV100291,2018,Delhi,2W,Ather,85000,130,1336,11.1,,
EV100834,2018,Delhi,2W,Hyundai,130000,111,4063,33.8,,
EV100900,2018,Delhi,4W,Ola,1299000,373,907,7.5,,
EV101048,2018,Delhi,2W,BYD,89000,156,3415,28.4,,
EV100868,2018,Goa,2W,BYD,134000,122,1133,50.3,,
EV101038,2018,Goa,Cargo,BYD,4675000,142,843,37.4,,
EV101185,2018,Goa,4W,Hero,546000,321,277,12.3,,
EV100034,2018,Gujarat,4W,Tata,1914000,224,26,0.1,,
EV100161,2018,Gujarat,2W,Tata,111000,119,7425,23.4,,
EV100289,2018,Gujarat,2W,Ola,96000,141,3983,12.5,,
EV100333,2018,Gujarat,4W,Ola,483000,390,1570,4.9,,
EV100371,2018,Gujarat,2W,BYD,80000,124,1247,3.9,,
EV100402,2018,Gujarat,2W,BYD,140000,113,8574,27.0,,
EV100537,2018,Gujarat,2W,Ather,80000,106,8555,26.9,,
EV100829,2018,Gujarat,2W,Hyundai,71000,133,396,1.3,,
EV100206,2018,Haryana,4W,Bajaj,1163000,341,1040,5.2,,
EV100458,2018,Haryana,2W,BYD,105000,131,7423,37.0,,
EV100662,2018,Haryana,2W,MG,137000,111,6394,31.9,,
EV100760,2018,Haryana,2W,Bajaj,46000,114,3655,18.2,,
EV101082,2018,Haryana,2W,Ather,95000,128,1554,7.7,,
EV100140,2018,Jharkhand,3W,Hyundai,226000,147,323,1.5,,
EV100182,2018,Jharkhand,Cargo,Hero,1167000,144,25,0.1,,
EV100227,2018,Jharkhand,4W,Hero,947000,256,302,1.4,,
EV100598,2018,Jharkhand,4W,Mahindra,2012000,359,444,2.1,,
EV100770,2018,Jharkhand,2W,Ola,54000,105,6597,30.8,,
EV100914,2018,Jharkhand,3W,BYD,108000,136,2335,10.9,,
EV101059,2018,Jharkhand,2W,Tata,95000,115,3396,15.9,,
EV101060,2018,Jharkhand,2W,BYD,121000,162,7985,37.3,,
EV100278,2018,Karnataka,2W,Tata,107000,133,3418,39.5,,
EV100319,2018,Karnataka,2W,BYD,67000,117,5227,60.5,,
EV100060,2018,Kerala,4W,Mahindra,1586000,327,1847,9.0,,
EV100232,2018,Kerala,4W,Ola,1038000,339,1162,5.7,,
EV100271,2018,Kerala,4W,MG,1937000,322,565,2.8,,
EV100444,2018,Kerala,4W,BYD,2142000,431,711,3.5,,
EV100558,2018,Kerala,3W,Mahindra,127000,134,1193,5.8,,
EV100594,2018,Kerala,2W,MG,137000,123,1459,7.1,,
EV100632,2018,Kerala,2W,Tata,111000,120,7020,34.3,,
EV101065,2018,Kerala,3W,Hero,79000,114,1331,6.5,,
EV101143,2018,Kerala,2W,Bajaj,41000,123,5175,25.3,,
EV100234,2018,Madhya Pradesh,2W,Ather,50000,132,5909,30.3,,
EV100468,2018,Madhya Pradesh,2W,BYD,90000,96,1537,7.9,,
EV100514,2018,Madhya Pradesh,2W,Tata,109000,100,5806,29.7,,
EV100612,2018,Madhya Pradesh,Cargo,Hero,2259000,158,833,4.3,,
EV100776,2018,Madhya Pradesh,2W,Mahindra,143000,125,5359,27.5,,
EV100866,2018,Madhya Pradesh,Bus,Ola,11867000,203,77,0.4,,
EV100013,2018,Maharashtra,4W,TVS,721000,413,633,5.8,,
EV100389,2018,Maharashtra,2W,Ather,44000,126,2168,19.8,,
EV100510,2018,Maharashtra,3W,Hyundai,167000,136,2165,19.8,,
EV100555,2018,Maharashtra,2W,Hyundai,94000,81,492,4.5,,
EV100944,2018,Maharashtra,4W,Mahindra,2708000,263,312,2.9,,
EV101123,2018,Maharashtra,2W,Tata,74000,115,5187,47.3,,
EV100225,2018,Odisha,2W,Bajaj,52000,141,4327,16.3,,
EV100275,2018,Odisha,4W,Ather,621000,355,1601,6.0,,
EV100635,2018,Odisha,3W,Tata,216000,129,1969,7.4,,
EV100669,2018,Odisha,2W,Hero,45000,144,4683,17.6,,
EV100793,2018,Odisha,2W,BYD,146000,112,5159,19.4,,
EV100935,2018,Odisha,3W,Bajaj,41000,160,311,1.2,,
EV101025,2018,Odisha,2W,Tata,137000,81,2688,10.1,,
EV101030,2018,Odisha,2W,Ola,92000,112,5889,22.1,,
EV100215,2018,Puducherry,2W,Ather,75000,85,7100,65.4,,
EV100916,2018,Puducherry,2W,Bajaj,58000,120,3761,34.6,,
EV100071,2018,Punjab,3W,BYD,121000,113,1171,23.5,,
EV101160,2018,Punjab,2W,MG,119000,76,3822,76.6,,
EV100057,2018,Rajasthan,Cargo,Mahindra,4170000,187,768,3.4,,
EV100252,2018,Rajasthan,2W,Ather,103000,106,5250,23.5,,
EV100522,2018,Rajasthan,2W,Mahindra,107000,89,8343,37.3,,
EV100548,2018,Rajasthan,2W,Ola,74000,138,7356,32.9,,
EV100884,2018,Rajasthan,4W,Ola,1493000,343,638,2.9,,
EV100178,2018,Tamil Nadu,2W,Hero,66000,94,7543,46.2,,
EV100543,2018,Tamil Nadu,2W,Tata,99000,127,712,4.4,,
EV100599,2018,Tamil Nadu,2W,BYD,95000,82,7618,46.7,,
EV100937,2018,Tamil Nadu,2W,Ather,107000,107,457,2.8,,
EV100001,2018,Telangana,2W,TVS,73000,118,7469,36.1,,
EV100265,2018,Telangana,2W,TVS,79000,151,1389,6.7,,
EV100400,2018,Telangana,3W,BYD,269000,221,2103,10.2,,
EV100460,2018,Telangana,4W,Hero,659000,283,954,4.6,,
EV100474,2018,Telangana,2W,Ather,87000,76,4391,21.2,,
EV101083,2018,Telangana,2W,Mahindra,91000,112,1157,5.6,,
EV101117,2018,Telangana,2W,Ola,54000,139,3233,15.6,,
EV100504,2018,Uttar Pradesh,Cargo,MG,3941000,189,990,12.2,,
EV100655,2018,Uttar Pradesh,Cargo,Hero,2498000,257,444,5.5,,
EV101157,2018,Uttar Pradesh,2W,TVS,37000,122,6700,82.4,,
EV100044,2018,West Bengal,2W,Hero,46000,140,1466,47.6,,
EV100150,2018,West Bengal,4W,Hero,575000,287,1006,32.7,,
EV100372,2018,West Bengal,Cargo,Bajaj,703000,155,94,3.1,,
EV100450,2018,West Bengal,Bus,Hyundai,22790000,142,28,0.9,,
EV100958,2018,West Bengal,4W,TVS,807000,263,486,15.8,,
EV100148,2019,Andhra Pradesh,2W,Ola,53000,78,5443,27.6,,
EV100568,2019,Andhra Pradesh,3W,Tata,238000,190,229,1.2,,
EV100641,2019,Andhra Pradesh,3W,TVS,50000,154,1845,9.4,,
EV100929,2019,Andhra Pradesh,Cargo,BYD,5734000,190,763,3.9,,
EV100989,2019,Andhra Pradesh,4W,Mahindra,2624000,326,1747,8.9,,
EV101084,2019,Andhra Pradesh,2W,Tata,159000,127,9671,49.1,,
EV100120,2019,Assam,Cargo,Hyundai,2022000,230,731,3.5,,
EV100482,2019,Assam,2W,Bajaj,70000,153,8376,40.5,,
EV100528,2019,Assam,2W,MG,147000,122,8333,40.2,,
EV101086,2019,Assam,2W,Hero,44000,151,3267,15.8,,
EV100448,2019,Bihar,2W,Mahindra,93000,153,10052,33.8,,
EV100551,2019,Bihar,4W,Ola,983000,338,1566,5.3,,
EV100706,2019,Bihar,2W,Mahindra,127000,173,7769,26.1,,
EV100985,2019,Bihar,2W,Ola,65000,131,10350,34.8,,
EV100317,2019,Chhattisgarh,2W,Hero,32000,110,10552,66.6,,
EV100323,2019,Chhattisgarh,3W,MG,247000,166,549,3.5,,
EV100506,2019,Chhattisgarh,3W,Hero,80000,133,1049,6.6,,
EV100745,2019,Chhattisgarh,3W,Bajaj,52000,140,1197,7.6,,
EV100960,2019,Chhattisgarh,Cargo,BYD,4357000,229,673,4.2,,
EV101145,2019,Chhattisgarh,4W,Hyundai,784000,285,1835,11.6,,
EV100512,2019,Delhi,2W,Hyundai,90000,140,1889,15.8,,
EV100624,2019,Delhi,4W,Mahindra,2365000,342,278,2.3,,
EV100713,2019,Delhi,2W,Hyundai,105000,93,9813,81.9,,
EV100018,2019,Goa,3W,Tata,223000,139,430,3.8,,
EV100467,2019,Goa,2W,Mahindra,81000,152,2412,21.0,,
EV100516,2019,Goa,4W,Tata,1080000,261,554,4.8,,
EV100629,2019,Goa,2W,MG,66000,91,5278,46.0,,
EV100714,2019,Goa,2W,Hero,30000,101,564,4.9,,
EV100740,2019,Goa,3W,TVS,91000,118,1631,14.2,,
EV100882,2019,Goa,4W,Hero,1338000,377,104,0.9,,
EV100942,2019,Goa,2W,Ola,54000,101,499,4.4,,
EV100256,2019,Gujarat,2W,Ather,59000,146,2038,53.4,,
EV101053,2019,Gujarat,4W,TVS,960000,391,1781,46.6,,
EV100099,2019,Haryana,2W,Ola,79000,119,1155,5.0,,
EV100430,2019,Haryana,2W,Ather,78000,118,8135,35.2,,
EV100972,2019,Haryana,2W,Hyundai,151000,129,9772,42.3,,
EV101101,2019,Haryana,2W,Bajaj,37000,106,4020,17.4,,
EV100023,2019,Jharkhand,2W,TVS,35000,142,602,2.4,,
EV100398,2019,Jharkhand,4W,Tata,1983000,344,1122,4.5,,
EV100457,2019,Jharkhand,4W,Ola,1236000,325,1853,7.5,,
EV100563,2019,Jharkhand,2W,Hero,51000,113,8977,36.3,,
EV100627,2019,Jharkhand,Bus,Hero,5765000,135,65,0.3,,
EV100719,2019,Jharkhand,Cargo,Ather,1838000,187,679,2.7,,
EV100778,2019,Jharkhand,2W,Hyundai,101000,82,3707,15.0,,
EV100810,2019,Jharkhand,Bus,Mahindra,9626000,174,226,0.9,,
EV100988,2019,Jharkhand,2W,Hyundai,110000,137,4314,17.4,,
EV101034,2019,Jharkhand,2W,Tata,116000,168,3220,13.0,,
EV100012,2019,Karnataka,2W,Hyundai,141000,105,8305,67.8,,
EV100123,2019,Karnataka,2W,Mahindra,83000,95,3304,27.0,,
EV100293,2019,Karnataka,4W,Mahindra,2479000,432,439,3.6,,
EV100952,2019,Karnataka,4W,Tata,1850000,319,202,1.7,,
EV100004,2019,Kerala,2W,Ola,100000,154,6414,18.6,,
EV100330,2019,Kerala,2W,Ola,66000,160,3047,8.8,,
EV100439,2019,Kerala,2W,Hyundai,83000,139,5197,15.0,,
EV100445,2019,Kerala,2W,Tata,130000,118,3114,9.0,,
EV100552,2019,Kerala,2W,Mahindra,62000,95,6193,17.9,,
EV100674,2019,Kerala,4W,Tata,2781000,280,555,1.6,,
EV100805,2019,Kerala,2W,Hyundai,123000,93,9290,26.9,,
EV101114,2019,Kerala,4W,Tata,2204000,340,772,2.2,,
EV100257,2019,Madhya Pradesh,2W,Hero,65000,155,6153,52.3,,
EV100397,2019,Madhya Pradesh,2W,BYD,99000,140,1278,10.9,,
EV100421,2019,Madhya Pradesh,4W,Hero,875000,294,524,4.5,,
EV100557,2019,Madhya Pradesh,4W,Tata,1115000,346,584,5.0,,
EV100652,2019,Madhya Pradesh,4W,Hero,895000,233,1541,13.1,,
EV100896,2019,Madhya Pradesh,4W,Ola,1777000,330,1682,14.3,,
EV100702,2019,Maharashtra,2W,Hero,70000,86,3465,56.3,,
EV100987,2019,Maharashtra,4W,Hero,1308000,296,1559,25.3,,
EV101153,2019,Maharashtra,2W,Hero,69000,161,1128,18.3,,
EV100169,2019,Odisha,4W,TVS,498000,409,795,10.6,,
EV100587,2019,Odisha,3W,Tata,196000,72,2120,28.2,,
EV100631,2019,Odisha,2W,Hero,70000,150,4604,61.2,,
EV100078,2019,Puducherry,2W,Ola,53000,102,7443,16.8,,
EV100197,2019,Puducherry,Bus,TVS,8051000,179,100,0.2,,
EV100334,2019,Puducherry,2W,Ather,83000,123,9731,21.9,,
EV100588,2019,Puducherry,4W,Ola,1914000,237,1589,3.6,,
EV100710,2019,Puducherry,2W,Ather,99000,134,6258,14.1,,
EV100781,2019,Puducherry,2W,Ola,85000,154,4316,9.7,,
EV100856,2019,Puducherry,2W,Hyundai,143000,134,5395,12.2,,
EV100909,2019,Puducherry,2W,Hero,55000,121,8139,18.3,,
EV101112,2019,Puducherry,4W,Hyundai,1500000,231,1405,3.2,,
EV100442,2019,Punjab,4W,Hero,702000,309,81,100.0,,
EV100416,2019,Rajasthan,2W,Ola,43000,177,5882,20.3,,
EV100660,2019,Rajasthan,2W,Hyundai,98000,126,4531,15.7,,
EV100681,2019,Rajasthan,2W,Mahindra,90000,94,6367,22.0,,
EV100690,2019,Rajasthan,2W,MG,77000,108,3393,11.7,,
EV100707,2019,Rajasthan,4W,Hero,639000,291,1254,4.3,,
EV100813,2019,Rajasthan,4W,Tata,2866000,296,1839,6.4,,
EV101064,2019,Rajasthan,2W,Hyundai,121000,116,5654,19.6,,
EV100050,2019,Tamil Nadu,4W,Bajaj,745000,293,786,5.5,,
EV100076,2019,Tamil Nadu,4W,Mahindra,1891000,327,1367,9.5,,
EV100214,2019,Tamil Nadu,2W,Ather,94000,82,5133,35.8,,
EV100668,2019,Tamil Nadu,2W,Hero,61000,110,4909,34.2,,
EV101100,2019,Tamil Nadu,2W,Bajaj,54000,136,2143,15.0,,
EV100037,2019,Telangana,2W,TVS,68000,125,7750,18.5,,
EV100040,2019,Telangana,4W,MG,812000,262,1822,4.3,,
EV100202,2019,Telangana,4W,Mahindra,2813000,355,1521,3.6,,
EV100314,2019,Telangana,2W,Hyundai,151000,114,9652,23.0,,
EV100418,2019,Telangana,Cargo,Tata,2660000,186,76,0.2,,
EV100712,2019,Telangana,2W,Bajaj,66000,117,7631,18.2,,
EV100806,2019,Telangana,4W,Hyundai,2018000,343,1062,2.5,,
EV100970,2019,Telangana,2W,BYD,103000,101,10395,24.8,,
EV101119,2019,Telangana,2W,Tata,60000,183,2096,5.0,,
EV100187,2019,Uttar Pradesh,3W,Ather,113000,118,2272,14.0,,
EV100394,2019,Uttar Pradesh,2W,Tata,88000,121,6400,39.4,,
EV100559,2019,Uttar Pradesh,4W,Ather,1863000,266,37,0.2,,
EV100891,2019,Uttar Pradesh,2W,Mahindra,118000,134,1827,11.3,,
EV100894,2019,Uttar Pradesh,2W,Ola,73000,135,4335,26.7,,
EV101012,2019,Uttar Pradesh,4W,TVS,921000,371,1373,8.5,,
EV100112,2019,West Bengal,2W,Mahindra,117000,138,8498,23.1,,
EV100136,2019,West Bengal,2W,TVS,52000,144,9996,27.2,,
EV100327,2019,West Bengal,4W,Ather,1224000,324,292,0.8,,
EV100433,2019,West Bengal,2W,BYD,131000,97,2839,7.7,,
EV100452,2019,West Bengal,3W,Ola,95000,151,1656,4.5,,
EV100746,2019,West Bengal,4W,MG,1331000,333,1952,5.3,,
EV100769,2019,West Bengal,2W,MG,129000,144,10454,28.4,,
EV101042,2019,West Bengal,4W,Hyundai,1542000,194,1117,3.0,,
EV100026,2020,Andhra Pradesh,2W,Hyundai,102000,115,4512,17.4,,
EV100578,2020,Andhra Pradesh,2W,Ather,59000,114,5874,22.6,,
EV100733,2020,Andhra Pradesh,2W,BYD,151000,114,5693,21.9,,
EV100751,2020,Andhra Pradesh,2W,Tata,95000,116,4594,17.7,,
EV100753,2020,Andhra Pradesh,2W,Bajaj,46000,69,4732,18.2,,
EV100874,2020,Andhra Pradesh,4W,Hero,1010000,282,256,1.0,,
EV100897,2020,Andhra Pradesh,2W,MG,150000,116,292,1.1,,
EV100017,2020,Assam,2W,TVS,82000,108,5688,22.3,,
EV100165,2020,Assam,2W,Mahindra,85000,104,5610,22.0,,
EV100303,2020,Assam,4W,Hero,1187000,342,1018,4.0,,
EV100306,2020,Assam,Bus,Ather,17314000,113,141,0.6,,
EV100347,2020,Assam,2W,Ola,96000,98,2052,8.0,,
EV100380,2020,Assam,2W,Bajaj,44000,93,4736,18.5,,
EV101039,2020,Assam,2W,Ola,75000,78,6308,24.7,,
EV100456,2020,Bihar,4W,BYD,2237000,261,117,1.0,,
EV100625,2020,Bihar,3W,BYD,120000,141,2779,22.9,,
EV100664,2020,Bihar,2W,Ola,76000,110,5734,47.2,,
EV101180,2020,Bihar,2W,Mahindra,125000,96,3524,29.0,,
EV100115,2020,Chhattisgarh,2W,Mahindra,100000,162,7431,28.2,,
EV100324,2020,Chhattisgarh,2W,TVS,35000,130,9115,34.6,,
EV100704,2020,Chhattisgarh,4W,MG,1360000,296,722,2.7,,
EV100791,2020,Chhattisgarh,3W,Hero,97000,137,2611,9.9,,
EV100948,2020,Chhattisgarh,3W,MG,229000,170,1312,5.0,,
EV101161,2020,Chhattisgarh,2W,Bajaj,28000,111,3168,12.0,,
EV101183,2020,Chhattisgarh,4W,Hyundai,715000,285,1999,7.6,,
EV100195,2020,Delhi,2W,Ather,67000,125,5297,19.4,,
EV100593,2020,Delhi,2W,Hyundai,106000,98,5895,21.6,,
EV100930,2020,Delhi,2W,Bajaj,47000,79,4147,15.2,,
EV101127,2020,Delhi,2W,Ather,78000,148,11058,40.6,,
EV101162,2020,Delhi,Cargo,Ola,3570000,211,852,3.1,,
EV100341,2020,Goa,2W,Hyundai,141000,114,10975,85.2,,
EV100359,2020,Goa,4W,Ather,628000,294,233,1.8,,
EV100643,2020,Goa,4W,Ola,951000,284,965,7.5,,
EV100898,2020,Goa,Cargo,MG,3429000,202,703,5.5,,
EV100391,2020,Gujarat,2W,Mahindra,59000,127,7954,21.7,,
EV100600,2020,Gujarat,Cargo,Tata,5379000,191,389,1.1,,
EV100642,2020,Gujarat,3W,Hero,111000,146,2738,7.5,,
EV100734,2020,Gujarat,4W,Bajaj,943000,291,1708,4.7,,
EV100917,2020,Gujarat,2W,Ola,78000,55,10289,28.1,,
EV101003,2020,Gujarat,2W,TVS,53000,149,8724,23.8,,
EV101092,2020,Gujarat,2W,TVS,58000,121,4817,13.2,,
EV100941,2020,Haryana,4W,Ola,960000,391,1987,39.2,,
EV100981,2020,Haryana,Cargo,MG,5344000,140,542,10.7,,
EV101096,2020,Haryana,Cargo,Ather,3334000,151,780,15.4,,
EV101104,2020,Haryana,4W,Hyundai,2593000,333,1759,34.7,,
EV100628,2020,Jharkhand,2W,Hyundai,66000,125,1655,65.4,,
EV100671,2020,Jharkhand,2W,Ola,50000,151,876,34.6,,
EV100175,2020,Karnataka,4W,Hero,919000,333,797,4.4,,
EV100305,2020,Karnataka,4W,Ather,2029000,304,164,0.9,,
EV100539,2020,Karnataka,2W,Ola,94000,99,6477,35.4,,
EV100921,2020,Karnataka,2W,TVS,69000,112,8594,46.9,,
EV101070,2020,Karnataka,2W,Tata,146000,114,1010,5.5,,
EV101108,2020,Karnataka,2W,Hyundai,77000,128,1266,6.9,,
EV100063,2020,Kerala,2W,Tata,83000,147,9264,32.5,,
EV100204,2020,Kerala,2W,Ather,60000,112,3950,13.8,,
EV100212,2020,Kerala,2W,TVS,61000,104,2029,7.1,,
EV100217,2020,Kerala,4W,Ola,1279000,260,495,1.7,,
EV100223,2020,Kerala,2W,BYD,96000,110,925,3.2,,
EV100589,2020,Kerala,2W,Ather,63000,94,7288,25.5,,
EV100602,2020,Kerala,2W,BYD,91000,102,1141,4.0,,
EV100685,2020,Kerala,2W,Ather,75000,153,2196,7.7,,
EV100890,2020,Kerala,4W,Hero,1264000,347,860,3.0,,
EV101019,2020,Kerala,2W,Hero,47000,165,389,1.4,,
EV100286,2020,Madhya Pradesh,3W,Mahindra,188000,167,972,3.9,,
EV100427,2020,Madhya Pradesh,2W,Ola,40000,122,9557,38.1,,
EV100912,2020,Madhya Pradesh,2W,Hero,64000,130,4335,17.3,,
EV101069,2020,Madhya Pradesh,2W,BYD,107000,76,10217,40.7,,
EV100149,2020,Maharashtra,4W,Bajaj,800000,401,669,13.7,,
EV100895,2020,Maharashtra,3W,Bajaj,58000,166,1482,30.3,,
EV101047,2020,Maharashtra,2W,MG,133000,134,2743,56.1,,
EV100762,2020,Odisha,3W,BYD,225000,161,630,3.1,,
EV100780,2020,Odisha,2W,MG,77000,101,7674,37.7,,
EV101031,2020,Odisha,3W,Mahindra,98000,158,2305,11.3,,
EV101144,2020,Odisha,2W,MG,95000,155,9755,47.9,,
EV100267,2020,Puducherry,2W,Ather,89000,141,5826,65.0,,
EV100392,2020,Puducherry,4W,Bajaj,406000,318,1299,14.5,,
EV100836,2020,Puducherry,2W,Bajaj,55000,147,1844,20.6,,
EV100623,2020,Punjab,3W,TVS,133000,132,1943,7.8,,
EV100693,2020,Punjab,2W,Hyundai,63000,141,9277,37.2,,
EV100824,2020,Punjab,2W,Ola,100000,127,3287,13.2,,
EV100966,2020,Punjab,2W,Hero,77000,69,10430,41.8,,
EV100021,2020,Rajasthan,2W,Ola,43000,103,6947,27.8,,
EV100276,2020,Rajasthan,2W,MG,148000,135,8771,35.1,,
EV100440,2020,Rajasthan,2W,TVS,48000,84,9240,37.0,,
EV100062,2020,Tamil Nadu,Cargo,Ather,1969000,174,576,3.0,,
EV100218,2020,Tamil Nadu,4W,Ather,1103000,299,310,1.6,,
EV100307,2020,Tamil Nadu,Cargo,MG,5570000,196,407,2.1,,
EV100309,2020,Tamil Nadu,4W,MG,2139000,284,956,4.9,,
EV100384,2020,Tamil Nadu,2W,BYD,131000,107,6443,33.0,,
EV100401,2020,Tamil Nadu,Cargo,Ola,2817000,146,69,0.4,,
EV100650,2020,Tamil Nadu,2W,Ola,86000,126,3213,16.5,,
EV100708,2020,Tamil Nadu,4W,Mahindra,1598000,273,756,3.9,,
EV100851,2020,Tamil Nadu,2W,Hero,65000,163,5289,27.1,,
EV100862,2020,Tamil Nadu,Bus,Ola,16144000,178,236,1.2,,
EV101018,2020,Tamil Nadu,2W,Bajaj,52000,114,385,2.0,,
EV101139,2020,Tamil Nadu,4W,Tata,1310000,325,868,4.5,,
EV100144,2020,Telangana,Cargo,Bajaj,2453000,109,799,5.5,,
EV100809,2020,Telangana,3W,Ola,162000,123,2660,18.2,,
EV100883,2020,Telangana,2W,Bajaj,62000,121,11151,76.3,,
EV100434,2020,Uttar Pradesh,3W,Ola,160000,155,1699,16.9,,
EV100811,2020,Uttar Pradesh,2W,BYD,116000,124,8340,83.1,,
EV100066,2020,West Bengal,Bus,Bajaj,9811000,280,46,0.2,,
EV100387,2020,West Bengal,2W,Ola,87000,134,7899,29.5,,
EV100739,2020,West Bengal,2W,MG,87000,143,7673,28.7,,
EV100918,2020,West Bengal,2W,Bajaj,40000,135,5301,19.8,,
EV100932,2020,West Bengal,Cargo,Tata,5880000,282,292,1.1,,
EV101046,2020,West Bengal,4W,Hero,964000,346,1757,6.6,,
EV101150,2020,West Bengal,2W,Ather,45000,119,3800,14.2,,
EV100566,2021,Andhra Pradesh,3W,Hyundai,180000,136,353,2.0,,
EV100905,2021,Andhra Pradesh,2W,MG,164000,71,8888,50.7,,
EV101005,2021,Andhra Pradesh,4W,Mahindra,1130000,357,1616,9.2,,
EV101021,2021,Andhra Pradesh,2W,BYD,153000,95,6678,38.1,,
EV100153,2021,Assam,2W,Hyundai,157000,90,8153,33.6,,
EV100493,2021,Assam,2W,Ather,52000,131,9961,41.1,,
EV100560,2021,Assam,2W,Bajaj,69000,153,6152,25.4,,
EV100039,2021,Bihar,3W,Bajaj,96000,128,299,0.7,,
EV100132,2021,Bihar,2W,Ather,43000,74,10889,23.6,,
EV100196,2021,Bihar,2W,BYD,71000,121,10113,21.9,,
EV100503,2021,Bihar,2W,Hyundai,65000,97,6807,14.8,,
EV100603,2021,Bihar,3W,Hyundai,247000,138,245,0.5,,
EV100788,2021,Bihar,2W,Hyundai,125000,144,3235,7.0,,
EV101036,2021,Bihar,2W,Tata,63000,133,3387,7.4,,
EV101098,2021,Bihar,2W,Mahindra,116000,156,11120,24.1,,
EV100547,2021,Chhattisgarh,4W,Hyundai,2801000,291,313,21.0,,
EV100855,2021,Chhattisgarh,4W,Ather,1625000,316,1175,79.0,,
EV100335,2021,Delhi,2W,Ather,73000,117,6398,23.0,,
EV100527,2021,Delhi,2W,BYD,106000,75,9145,32.9,,
EV100703,2021,Delhi,2W,Tata,79000,173,4508,16.2,,
EV100861,2021,Delhi,3W,Bajaj,91000,175,2376,8.5,,
EV100903,2021,Delhi,4W,Tata,1376000,343,174,0.6,,
EV101155,2021,Delhi,2W,Tata,76000,130,3337,12.0,,
EV101167,2021,Delhi,4W,Ather,537000,397,1902,6.8,,
EV100530,2021,Goa,Bus,BYD,10360000,215,112,1.4,,
EV101010,2021,Goa,2W,Bajaj,43000,99,3182,39.4,,
EV101109,2021,Goa,2W,Bajaj,43000,128,3709,46.0,,
EV101142,2021,Goa,4W,MG,1456000,230,80,1.0,,
EV101189,2021,Goa,Cargo,Tata,3696000,252,989,12.3,,
EV100125,2021,Gujarat,2W,Ather,69000,120,1283,9.8,,
EV100183,2021,Gujarat,Cargo,Mahindra,5293000,203,1162,8.9,,
EV100858,2021,Gujarat,2W,Hero,78000,155,9540,73.2,,
EV101196,2021,Gujarat,Cargo,TVS,1253000,207,1052,8.1,,
EV100249,2021,Haryana,2W,BYD,83000,136,10584,36.5,,
EV100297,2021,Haryana,2W,BYD,82000,145,3076,10.6,,
EV100376,2021,Haryana,2W,BYD,90000,139,3464,12.0,,
EV100449,2021,Haryana,4W,Hero,1301000,373,1328,4.6,,
EV100470,2021,Haryana,4W,Bajaj,611000,403,254,0.9,,
EV100531,2021,Haryana,2W,Tata,94000,122,7559,26.1,,
EV100596,2021,Haryana,2W,TVS,71000,103,2635,9.1,,
EV100845,2021,Haryana,Bus,Bajaj,8035000,148,75,0.3,,
EV100008,2021,Jharkhand,2W,Hyundai,88000,105,4519,23.4,,
EV100110,2021,Jharkhand,4W,Hero,1114000,351,1055,5.5,,
EV100137,2021,Jharkhand,4W,MG,2400000,284,1136,5.9,,
EV100164,2021,Jharkhand,4W,Tata,841000,199,436,2.3,,
EV100570,2021,Jharkhand,4W,Tata,2530000,328,1763,9.1,,
EV101016,2021,Jharkhand,2W,Bajaj,30000,105,10435,53.9,,
EV100404,2021,Karnataka,2W,MG,94000,120,2328,17.9,,
EV100414,2021,Karnataka,2W,Ather,50000,126,3749,28.9,,
EV100562,2021,Karnataka,2W,Ola,95000,104,5889,45.4,,
EV100847,2021,Karnataka,Cargo,Ola,2613000,138,1007,7.8,,
EV100005,2021,Kerala,2W,Ather,65000,137,1604,9.8,,
EV100109,2021,Kerala,2W,BYD,126000,162,11826,72.0,,
EV100432,2021,Kerala,3W,Bajaj,97000,154,877,5.3,,
EV100711,2021,Kerala,3W,Mahindra,101000,141,481,2.9,,
EV100789,2021,Kerala,3W,Ola,85000,135,752,4.6,,
EV101188,2021,Kerala,Cargo,Ola,2133000,206,894,5.4,,
EV100238,2021,Madhya Pradesh,2W,TVS,62000,80,11000,47.5,,
EV100608,2021,Madhya Pradesh,4W,MG,861000,354,1606,6.9,,
EV100615,2021,Madhya Pradesh,2W,Bajaj,30000,88,10005,43.2,,
EV100744,2021,Madhya Pradesh,2W,Hero,33000,92,300,1.3,,
EV100967,2021,Madhya Pradesh,4W,BYD,3156000,285,264,1.1,,
EV100138,2021,Maharashtra,4W,MG,950000,258,1552,11.2,,
EV100207,2021,Maharashtra,Cargo,Ola,1020000,170,34,0.3,,
EV100362,2021,Maharashtra,2W,Hero,63000,95,3128,22.6,,
EV100399,2021,Maharashtra,4W,Tata,2146000,311,1746,12.6,,
EV100645,2021,Maharashtra,4W,TVS,1364000,270,681,4.9,,
EV100682,2021,Maharashtra,2W,Ather,61000,127,6725,48.5,,
EV100233,2021,Odisha,2W,TVS,42000,141,6997,38.3,,
EV100899,2021,Odisha,Cargo,MG,1749000,163,1134,6.2,,
EV101072,2021,Odisha,2W,Mahindra,60000,157,10154,55.5,,
EV100000,2021,Puducherry,4W,Tata,776000,277,341,1.2,,
EV100053,2021,Puducherry,2W,Ather,71000,121,1303,4.5,,
EV100101,2021,Puducherry,2W,Ola,68000,134,8001,27.7,,
EV100104,2021,Puducherry,Cargo,BYD,3689000,180,581,2.0,,
EV100126,2021,Puducherry,3W,Hero,77000,135,994,3.4,,
EV100155,2021,Puducherry,2W,Ola,83000,144,8194,28.3,,
EV100360,2021,Puducherry,4W,Hyundai,2121000,375,1074,3.7,,
EV101105,2021,Puducherry,Cargo,TVS,2801000,175,992,3.4,,
EV101197,2021,Puducherry,2W,Tata,141000,146,5598,19.4,,
EV101199,2021,Puducherry,4W,TVS,1107000,335,1834,6.3,,
EV100042,2021,Punjab,4W,TVS,1179000,298,31,0.2,,
EV100419,2021,Punjab,2W,Tata,96000,161,3941,25.6,,
EV100453,2021,Punjab,4W,Hero,1363000,317,1029,6.7,,
EV101129,2021,Punjab,2W,Ather,89000,160,10384,67.5,,
EV100073,2021,Rajasthan,2W,Mahindra,80000,97,8129,57.3,,
EV101000,2021,Rajasthan,2W,Hero,51000,85,6048,42.7,,
EV100205,2021,Tamil Nadu,2W,MG,70000,100,10419,100.0,,
EV100246,2021,Telangana,Cargo,TVS,3080000,209,1117,6.7,,
EV100369,2021,Telangana,Bus,Tata,15499000,136,43,0.3,,
EV100435,2021,Telangana,3W,Bajaj,45000,125,2635,15.7,,
EV100729,2021,Telangana,2W,Ather,82000,163,11826,70.4,,
EV100838,2021,Telangana,4W,MG,3001000,313,1181,7.0,,
EV100304,2021,Uttar Pradesh,2W,BYD,172000,113,6648,30.2,,
EV100525,2021,Uttar Pradesh,3W,BYD,103000,183,209,1.0,,
EV100579,2021,Uttar Pradesh,2W,BYD,171000,100,7426,33.8,,
EV100953,2021,Uttar Pradesh,2W,BYD,85000,92,7716,35.1,,
EV100033,2021,West Bengal,Cargo,Bajaj,1867000,104,932,1.9,,
EV100085,2021,West Bengal,4W,Mahindra,1756000,360,1470,3.0,,
EV100141,2021,West Bengal,3W,Mahindra,111000,77,563,1.2,,
EV100259,2021,West Bengal,2W,BYD,99000,140,11202,23.2,,
EV100348,2021,West Bengal,2W,Ather,109000,153,956,2.0,,
EV100379,2021,West Bengal,2W,Hyundai,149000,113,8615,17.8,,
EV100750,2021,West Bengal,2W,Bajaj,50000,116,11492,23.8,,
EV100765,2021,West Bengal,4W,Hero,396000,324,1513,3.1,,
EV101028,2021,West Bengal,Cargo,Bajaj,1275000,268,20,0.0,,
EV101165,2021,West Bengal,2W,Bajaj,64000,91,11532,23.9,,
EV100591,2022,Andhra Pradesh,2W,MG,74000,65,7031,36.9,,
EV100998,2022,Andhra Pradesh,2W,Hero,56000,121,9911,52.1,,
EV101087,2022,Andhra Pradesh,2W,MG,101000,138,2101,11.0,,
EV100189,2022,Assam,2W,Mahindra,91000,87,5781,53.3,,
EV100772,2022,Assam,2W,Bajaj,72000,93,3351,30.9,,
EV101080,2022,Assam,2W,Tata,76000,125,1721,15.9,,
EV100094,2022,Bihar,4W,MG,1077000,364,2243,27.5,,
EV100277,2022,Bihar,3W,TVS,63000,145,2608,32.0,,
EV100475,2022,Bihar,2W,TVS,48000,154,2244,27.5,,
EV101173,2022,Bihar,4W,Tata,770000,345,1062,13.0,,
EV100876,2022,Chhattisgarh,2W,Tata,70000,77,6050,75.0,,
EV101051,2022,Chhattisgarh,4W,Hero,466000,382,2017,25.0,,
EV100173,2022,Delhi,Bus,Ola,14455000,206,149,2.4,,
EV100926,2022,Delhi,2W,Ather,85000,194,3112,50.2,,
EV101013,2022,Delhi,4W,Tata,914000,345,1324,21.3,,
EV101049,2022,Delhi,4W,Hero,357000,281,360,5.8,,
EV101187,2022,Delhi,4W,MG,838000,292,1261,20.3,,
EV100054,2022,Goa,2W,Ola,66000,93,12406,45.4,,
EV100310,2022,Goa,4W,Hero,1154000,428,563,2.1,,
EV100374,2022,Goa,3W,Hyundai,237000,112,672,2.5,,
EV100683,2022,Goa,2W,Hero,34000,113,2913,10.7,,
EV101140,2022,Goa,2W,MG,67000,122,10786,39.5,,
EV100106,2022,Gujarat,2W,Ola,57000,119,8073,22.7,,
EV100653,2022,Gujarat,4W,Ola,563000,327,1786,5.0,,
EV100835,2022,Gujarat,2W,MG,166000,87,10776,30.3,,
EV101076,2022,Gujarat,3W,Ola,144000,159,2731,7.7,,
EV101146,2022,Gujarat,2W,Tata,110000,142,12218,34.3,,
EV100089,2022,Haryana,2W,TVS,79000,125,2590,16.7,,
EV100496,2022,Haryana,4W,Tata,2484000,253,1282,8.3,,
EV100518,2022,Haryana,2W,TVS,56000,110,11226,72.4,,
EV101071,2022,Haryana,4W,Hero,1385000,328,406,2.6,,
EV100020,2022,Jharkhand,2W,Hyundai,135000,134,8282,18.6,,
EV100087,2022,Jharkhand,4W,Mahindra,2009000,286,508,1.1,,
EV100111,2022,Jharkhand,Bus,Bajaj,4005000,128,153,0.3,,
EV100209,2022,Jharkhand,2W,BYD,140000,150,3449,7.8,,
EV100268,2022,Jharkhand,2W,BYD,158000,99,9079,20.4,,
EV100295,2022,Jharkhand,2W,Bajaj,37000,116,7859,17.7,,
EV100345,2022,Jharkhand,2W,Ola,40000,125,8619,19.4,,
EV100396,2022,Jharkhand,4W,Ather,862000,330,1218,2.7,,
EV100509,2022,Jharkhand,Cargo,TVS,1273000,201,509,1.2,,
EV100794,2022,Jharkhand,4W,Bajaj,608000,339,2211,5.0,,
EV101014,2022,Jharkhand,3W,TVS,92000,197,2563,5.8,,
EV100059,2022,Karnataka,2W,Mahindra,99000,94,7578,23.1,,
EV100090,2022,Karnataka,4W,Hero,1387000,370,2071,6.3,,
EV100266,2022,Karnataka,2W,MG,103000,96,318,1.0,,
EV100296,2022,Karnataka,2W,Ola,44000,81,10846,33.0,,
EV100411,2022,Karnataka,2W,Mahindra,127000,139,1959,6.0,,
EV100613,2022,Karnataka,4W,Ola,1207000,430,1844,5.6,,
EV100678,2022,Karnataka,2W,Ather,79000,126,2430,7.4,,
EV100831,2022,Karnataka,3W,BYD,188000,144,2658,8.1,,
EV100999,2022,Karnataka,2W,Tata,62000,175,3167,9.6,,
EV100176,2022,Kerala,2W,Hyundai,87000,83,4495,46.5,,
EV100902,2022,Kerala,Cargo,Ola,2928000,166,810,8.4,,
EV101068,2022,Kerala,4W,BYD,1322000,341,1230,12.7,,
EV101111,2022,Kerala,2W,BYD,68000,122,3141,32.5,,
EV100011,2022,Madhya Pradesh,Bus,MG,21211000,139,42,0.2,,
EV100114,2022,Madhya Pradesh,2W,Ather,80000,104,12358,53.8,,
EV100240,2022,Madhya Pradesh,2W,Tata,125000,117,2791,12.2,,
EV100486,2022,Madhya Pradesh,2W,MG,135000,101,1959,8.5,,
EV100877,2022,Madhya Pradesh,2W,Bajaj,53000,140,3527,15.4,,
EV100973,2022,Madhya Pradesh,2W,BYD,94000,76,2275,9.9,,
EV100166,2022,Maharashtra,2W,MG,102000,103,6805,27.5,,
EV100213,2022,Maharashtra,3W,Bajaj,64000,162,958,3.9,,
EV100649,2022,Maharashtra,Cargo,Bajaj,1801000,236,877,3.5,,
EV100726,2022,Maharashtra,2W,Hero,74000,110,6977,28.2,,
EV100839,2022,Maharashtra,2W,Ather,111000,135,9140,36.9,,
EV100274,2022,Odisha,2W,Tata,65000,153,2244,5.9,,
EV100580,2022,Odisha,4W,Mahindra,2586000,375,2189,5.7,,
EV100621,2022,Odisha,Bus,Ola,6605000,241,111,0.3,,
EV100728,2022,Odisha,3W,Ather,97000,143,719,1.9,,
EV100777,2022,Odisha,Cargo,Bajaj,1318000,203,101,0.3,,
EV100843,2022,Odisha,2W,Bajaj,58000,126,3930,10.3,,
EV100965,2022,Odisha,2W,Hero,50000,113,7067,18.5,,
EV101052,2022,Odisha,2W,BYD,111000,87,11606,30.3,,
EV101094,2022,Odisha,4W,Hyundai,1487000,405,1973,5.2,,
EV101170,2022,Odisha,2W,TVS,44000,114,8319,21.7,,
EV100075,2022,Puducherry,2W,BYD,168000,159,2368,29.5,,
EV100651,2022,Puducherry,2W,Ather,93000,125,1205,15.0,,
EV100956,2022,Puducherry,4W,Bajaj,717000,263,2310,28.7,,
EV101023,2022,Puducherry,4W,Mahindra,2332000,317,1136,14.1,,
EV101163,2022,Puducherry,2W,Ola,96000,91,1022,12.7,,
EV100072,2022,Punjab,Cargo,Tata,3550000,215,8,0.1,,
EV100405,2022,Punjab,4W,Mahindra,2373000,321,833,5.9,,
EV100469,2022,Punjab,2W,Hyundai,133000,126,3528,24.9,,
EV100764,2022,Punjab,4W,TVS,734000,377,1105,7.8,,
EV100792,2022,Punjab,2W,Mahindra,114000,122,6622,46.7,,
EV100796,2022,Punjab,3W,Hyundai,143000,129,2100,14.8,,
EV100015,2022,Rajasthan,2W,BYD,138000,127,1698,11.0,,
EV100328,2022,Rajasthan,2W,Tata,84000,120,1384,9.0,,
EV100911,2022,Rajasthan,2W,Ather,66000,108,12328,80.0,,
EV100014,2022,Tamil Nadu,3W,Tata,219000,171,3047,7.5,,
EV100270,2022,Tamil Nadu,Cargo,Ather,4083000,104,81,0.2,,
EV100344,2022,Tamil Nadu,2W,Ather,62000,112,9483,23.2,,
EV100526,2022,Tamil Nadu,2W,TVS,86000,161,7038,17.2,,
EV100888,2022,Tamil Nadu,2W,Ola,65000,124,10717,26.2,,
EV100920,2022,Tamil Nadu,2W,Mahindra,87000,128,8717,21.3,,
EV100980,2022,Tamil Nadu,4W,Tata,712000,267,1803,4.4,,
EV100237,2022,Telangana,2W,Ather,76000,88,3302,24.2,,
EV100466,2022,Telangana,3W,TVS,107000,138,1161,8.5,,
EV101085,2022,Telangana,2W,Ather,90000,158,9167,67.3,,
EV100079,2022,Uttar Pradesh,3W,Ather,173000,109,827,11.9,,
EV100355,2022,Uttar Pradesh,Cargo,MG,3387000,156,687,9.9,,
EV100429,2022,Uttar Pradesh,3W,MG,115000,156,1931,27.8,,
EV100825,2022,Uttar Pradesh,2W,Bajaj,27000,106,3497,50.4,,
EV100003,2022,West Bengal,4W,Mahindra,1434000,271,1554,3.7,,
EV100367,2022,West Bengal,4W,Tata,2769000,302,1130,2.7,,
EV100657,2022,West Bengal,2W,MG,86000,151,4973,11.7,,
EV100908,2022,West Bengal,2W,Tata,69000,128,10058,23.7,,
EV100950,2022,West Bengal,2W,MG,93000,152,11329,26.7,,
EV100982,2022,West Bengal,4W,Hyundai,900000,322,2303,5.4,,
EV101001,2022,West Bengal,2W,TVS,54000,109,11106,26.2,,
EV100105,2023,Andhra Pradesh,4W,Hero,835000,387,1379,5.4,,
EV100260,2023,Andhra Pradesh,2W,TVS,85000,117,6729,26.2,,
EV100441,2023,Andhra Pradesh,4W,Ather,1965000,293,1646,6.4,,
EV100544,2023,Andhra Pradesh,2W,Mahindra,73000,117,3171,12.4,,
EV100561,2023,Andhra Pradesh,2W,BYD,126000,144,1588,6.2,,
EV100661,2023,Andhra Pradesh,2W,Ola,56000,139,11142,43.4,,
EV100158,2023,Assam,2W,Mahindra,82000,110,6215,33.6,,
EV100871,2023,Assam,2W,BYD,120000,99,12284,66.4,,
EV100084,2023,Bihar,4W,TVS,804000,453,1744,4.4,,
EV100103,2023,Bihar,4W,MG,1198000,283,1359,3.5,,
EV100280,2023,Bihar,2W,Mahindra,59000,129,10429,26.5,,
EV100282,2023,Bihar,2W,Bajaj,66000,127,1210,3.1,,
EV100620,2023,Bihar,2W,Ola,43000,103,9609,24.4,,
EV100646,2023,Bihar,2W,Hyundai,103000,130,11721,29.8,,
EV101141,2023,Bihar,2W,Tata,152000,69,3310,8.4,,
EV100027,2023,Chhattisgarh,Cargo,Ola,1041000,180,1254,67.8,,
EV100177,2023,Chhattisgarh,3W,TVS,101000,137,596,32.2,,
EV100511,2023,Delhi,2W,Ola,45000,152,7944,15.0,,
EV100534,2023,Delhi,Cargo,Hyundai,3973000,139,721,1.4,,
EV100699,2023,Delhi,2W,Ola,46000,121,1793,3.4,,
EV100822,2023,Delhi,2W,Ola,83000,105,10690,20.2,,
EV100904,2023,Delhi,2W,Ather,67000,107,9543,18.1,,
EV100923,2023,Delhi,2W,Ather,88000,110,9454,17.9,,
EV100975,2023,Delhi,2W,Tata,64000,130,9346,17.7,,
EV101113,2023,Delhi,2W,Hyundai,65000,95,3334,6.3,,
EV100574,2023,Goa,2W,MG,88000,96,4931,86.6,,
EV100867,2023,Goa,3W,TVS,64000,165,764,13.4,,
EV100366,2023,Gujarat,4W,Hero,778000,341,1196,21.9,,
EV100859,2023,Gujarat,2W,Bajaj,64000,94,4260,78.1,,
EV100168,2023,Haryana,2W,Mahindra,104000,139,10133,74.6,,
EV100326,2023,Haryana,4W,Tata,2175000,372,1626,12.0,,
EV100597,2023,Haryana,3W,Hero,119000,116,1261,9.3,,
EV100638,2023,Haryana,3W,Ather,64000,113,562,4.1,,
EV100357,2023,Jharkhand,2W,Mahindra,102000,133,12579,37.9,,
EV100370,2023,Jharkhand,2W,BYD,85000,184,7360,22.2,,
EV100420,2023,Jharkhand,2W,Bajaj,60000,145,9687,29.2,,
EV100892,2023,Jharkhand,2W,Hyundai,120000,113,3557,10.7,,
EV100045,2023,Karnataka,2W,BYD,161000,136,5698,20.6,,
EV100243,2023,Karnataka,2W,Hero,45000,110,10593,38.3,,
EV100881,2023,Karnataka,2W,Hyundai,152000,125,9465,34.2,,
EV101078,2023,Karnataka,Cargo,Hero,2057000,208,635,2.3,,
EV101124,2023,Karnataka,2W,Mahindra,74000,83,1304,4.7,,
EV100081,2023,Kerala,2W,TVS,42000,103,3248,10.5,,
EV100251,2023,Kerala,3W,TVS,118000,121,1894,6.1,,
EV100261,2023,Kerala,2W,Hyundai,97000,134,8308,26.9,,
EV100787,2023,Kerala,2W,Mahindra,75000,124,3720,12.1,,
EV100823,2023,Kerala,2W,Tata,136000,144,12896,41.8,,
EV101032,2023,Kerala,4W,Ola,632000,301,774,2.5,,
EV100128,2023,Madhya Pradesh,Bus,Mahindra,19413000,262,232,2.1,,
EV100502,2023,Madhya Pradesh,4W,Hyundai,1346000,376,2430,22.1,,
EV100666,2023,Madhya Pradesh,2W,Mahindra,120000,120,7252,66.0,,
EV100720,2023,Madhya Pradesh,4W,BYD,1117000,348,555,5.1,,
EV100797,2023,Madhya Pradesh,Cargo,Ather,2449000,187,425,3.9,,
EV100961,2023,Madhya Pradesh,4W,Ather,538000,285,93,0.9,,
EV100339,2023,Maharashtra,4W,BYD,909000,348,168,0.9,,
EV100428,2023,Maharashtra,4W,TVS,1629000,320,750,4.0,,
EV100538,2023,Maharashtra,2W,MG,111000,126,7709,41.1,,
EV100618,2023,Maharashtra,2W,Tata,140000,127,7563,40.3,,
EV100636,2023,Maharashtra,3W,Hero,58000,113,2558,13.6,,
EV100288,2023,Odisha,2W,Hyundai,60000,168,3095,12.0,,
EV100742,2023,Odisha,2W,Bajaj,36000,107,11482,44.6,,
EV100814,2023,Odisha,3W,MG,171000,91,1910,7.4,,
EV100963,2023,Odisha,Cargo,TVS,1082000,231,888,3.5,,
EV100996,2023,Odisha,2W,TVS,40000,162,5791,22.5,,
EV101106,2023,Odisha,2W,Hyundai,137000,141,2586,10.0,,
EV100086,2023,Puducherry,2W,Ather,69000,154,857,2.3,,
EV100244,2023,Puducherry,3W,Mahindra,234000,121,586,1.6,,
EV100517,2023,Puducherry,3W,TVS,125000,140,736,2.0,,
EV100546,2023,Puducherry,2W,Mahindra,60000,92,12533,34.2,,
EV100554,2023,Puducherry,3W,Mahindra,184000,87,1243,3.4,,
EV100675,2023,Puducherry,2W,Mahindra,67000,81,10692,29.2,,
EV101091,2023,Puducherry,4W,Hero,1074000,290,905,2.5,,
EV101118,2023,Puducherry,2W,Tata,138000,164,9096,24.8,,
EV100041,2023,Punjab,3W,Tata,246000,125,1678,11.4,,
EV100162,2023,Punjab,2W,Hyundai,83000,80,11369,76.9,,
EV100994,2023,Punjab,4W,Mahindra,2078000,315,1731,11.7,,
EV100035,2023,Rajasthan,2W,MG,98000,127,8160,32.3,,
EV100160,2023,Rajasthan,2W,MG,128000,130,10964,43.4,,
EV100235,2023,Rajasthan,2W,Bajaj,42000,121,2078,8.2,,
EV100513,2023,Rajasthan,Cargo,BYD,3656000,181,739,2.9,,
EV100614,2023,Rajasthan,2W,TVS,65000,134,3327,13.2,,
EV100221,2023,Tamil Nadu,Cargo,Bajaj,1779000,186,254,1.2,,
EV100532,2023,Tamil Nadu,2W,BYD,150000,97,11021,50.4,,
EV100854,2023,Tamil Nadu,4W,Tata,2092000,293,1154,5.3,,
EV101115,2023,Tamil Nadu,2W,Tata,103000,134,4075,18.6,,
EV101158,2023,Tamil Nadu,2W,MG,150000,131,5352,24.5,,
EV100048,2023,Telangana,2W,TVS,65000,141,2467,6.6,,
EV100154,2023,Telangana,2W,BYD,135000,100,1877,5.0,,
EV100820,2023,Telangana,2W,Ather,44000,164,6535,17.5,,
EV100864,2023,Telangana,2W,Bajaj,61000,121,13001,34.9,,
EV100984,2023,Telangana,4W,Ola,1711000,394,1510,4.1,,
EV101007,2023,Telangana,2W,BYD,145000,111,11914,31.9,,
EV100082,2023,Uttar Pradesh,4W,BYD,2339000,340,2014,11.6,,
EV100147,2023,Uttar Pradesh,2W,Mahindra,75000,130,6105,35.1,,
EV100761,2023,Uttar Pradesh,2W,Bajaj,68000,106,8280,47.6,,
EV101121,2023,Uttar Pradesh,2W,Tata,144000,138,999,5.7,,
EV100074,2023,West Bengal,2W,Bajaj,33000,106,12758,34.4,,
EV100382,2023,West Bengal,2W,Hyundai,140000,151,7490,20.2,,
EV100582,2023,West Bengal,2W,Hero,41000,104,4634,12.5,,
EV100692,2023,West Bengal,2W,Mahindra,137000,138,11188,30.2,,
EV101095,2023,West Bengal,3W,Hyundai,159000,144,986,2.7,,
EV100340,2024,Andhra Pradesh,Bus,Bajaj,9430000,155,255,0.6,,
EV100581,2024,Andhra Pradesh,2W,Bajaj,60000,109,1201,3.0,,
EV100611,2024,Andhra Pradesh,2W,MG,101000,115,13082,32.7,,
EV100654,2024,Andhra Pradesh,2W,Hyundai,77000,126,11129,27.8,,
EV100691,2024,Andhra Pradesh,2W,Hyundai,109000,98,5873,14.7,,
EV100927,2024,Andhra Pradesh,4W,Ola,821000,340,803,2.0,,
EV101120,2024,Andhra Pradesh,Cargo,Tata,4340000,168,275,0.7,,
EV101151,2024,Andhra Pradesh,2W,Hero,51000,78,7378,18.5,,
EV100361,2024,Assam,2W,Bajaj,31000,86,3617,21.2,,
EV100455,2024,Assam,3W,Tata,157000,123,178,1.0,,
EV100575,2024,Assam,2W,Hyundai,156000,124,13239,77.7,,
EV100049,2024,Bihar,Cargo,Mahindra,4765000,152,198,2.4,,
EV100497,2024,Bihar,4W,Bajaj,1288000,322,243,3.0,,
EV100658,2024,Bihar,Cargo,BYD,3166000,154,1090,13.3,,
EV100931,2024,Bihar,2W,Bajaj,35000,105,2509,30.5,,
EV101061,2024,Bihar,2W,Tata,101000,113,3304,40.2,,
EV101067,2024,Bihar,Cargo,Hero,762000,140,832,10.1,,
EV101073,2024,Bihar,4W,Hero,750000,303,46,0.6,,
EV100229,2024,Chhattisgarh,2W,Hyundai,81000,116,11037,27.3,,
EV100342,2024,Chhattisgarh,2W,Ather,66000,107,4291,10.6,,
EV100515,2024,Chhattisgarh,2W,MG,147000,131,5798,14.3,,
EV100648,2024,Chhattisgarh,2W,Ola,46000,98,9323,23.0,,
EV100716,2024,Chhattisgarh,2W,TVS,40000,98,3285,8.1,,
EV100951,2024,Chhattisgarh,2W,Hero,66000,122,6726,16.6,,
EV100498,2024,Delhi,2W,Ola,62000,115,4349,60.0,,
EV100841,2024,Delhi,3W,Tata,94000,112,2896,40.0,,
EV100129,2024,Goa,2W,BYD,130000,119,2816,9.6,,
EV100505,2024,Goa,2W,Mahindra,76000,127,2685,9.2,,
EV100818,2024,Goa,2W,Hyundai,108000,145,9523,32.6,,
EV100869,2024,Goa,3W,TVS,93000,95,1674,5.7,,
EV100880,2024,Goa,2W,Bajaj,33000,128,4350,14.9,,
EV100995,2024,Goa,2W,Hyundai,160000,131,8190,28.0,,
EV100006,2024,Gujarat,2W,Bajaj,42000,113,1753,8.7,,
EV100408,2024,Gujarat,Cargo,Tata,4235000,163,888,4.4,,
EV100423,2024,Gujarat,2W,Hero,69000,93,9791,48.7,,
EV100567,2024,Gujarat,2W,Ola,85000,144,5591,27.8,,
EV101024,2024,Gujarat,3W,Hero,92000,135,2082,10.4,,
EV100390,2024,Haryana,2W,BYD,150000,140,8711,32.6,,
EV100766,2024,Haryana,2W,Mahindra,117000,111,1050,3.9,,
EV100808,2024,Haryana,2W,Ather,69000,119,4303,16.1,,
EV101044,2024,Haryana,2W,Hero,35000,105,11711,43.8,,
EV101125,2024,Haryana,2W,TVS,46000,124,980,3.7,,
EV100047,2024,Jharkhand,2W,Ola,98000,91,6527,19.9,,
EV100080,2024,Jharkhand,2W,Ather,43000,158,8323,25.4,,
EV100363,2024,Jharkhand,2W,MG,141000,190,3144,9.6,,
EV100499,2024,Jharkhand,2W,Hero,61000,87,8022,24.5,,
EV100828,2024,Jharkhand,2W,Tata,126000,142,4071,12.4,,
EV101102,2024,Jharkhand,2W,Mahindra,68000,49,2721,8.3,,
EV100247,2024,Karnataka,2W,BYD,95000,119,9265,20.6,,
EV100383,2024,Karnataka,2W,TVS,65000,107,11169,24.8,,
EV100437,2024,Karnataka,Cargo,Tata,3270000,145,997,2.2,,
EV100656,2024,Karnataka,2W,Ola,45000,130,9843,21.9,,
EV100857,2024,Karnataka,2W,Tata,130000,132,13724,30.5,,
EV100025,2024,Kerala,4W,Hero,1443000,361,1595,4.8,,
EV100203,2024,Kerala,4W,TVS,637000,337,929,2.8,,
EV100417,2024,Kerala,2W,Tata,145000,106,12876,38.4,,
EV100424,2024,Kerala,Cargo,Mahindra,5447000,181,832,2.5,,
EV100564,2024,Kerala,2W,Ola,102000,152,12952,38.7,,
EV100863,2024,Kerala,2W,Ola,86000,112,2595,7.7,,
EV101191,2024,Kerala,2W,Ather,69000,111,1732,5.2,,
EV100031,2024,Madhya Pradesh,4W,Ola,1475000,332,344,1.0,,
EV100146,2024,Madhya Pradesh,2W,MG,103000,88,7481,22.5,,
EV100386,2024,Madhya Pradesh,3W,Hero,82000,178,566,1.7,,
EV100495,2024,Madhya Pradesh,3W,Mahindra,217000,139,3375,10.2,,
EV100576,2024,Madhya Pradesh,2W,Mahindra,147000,77,1925,5.8,,
EV100626,2024,Madhya Pradesh,Cargo,TVS,2794000,213,243,0.7,,
EV100730,2024,Madhya Pradesh,2W,Bajaj,56000,122,2018,6.1,,
EV100940,2024,Madhya Pradesh,4W,Ather,1028000,251,1855,5.6,,
EV101090,2024,Madhya Pradesh,4W,Hyundai,2804000,280,1811,5.5,,
EV101116,2024,Madhya Pradesh,2W,TVS,46000,61,13613,41.0,,
EV100446,2024,Maharashtra,2W,MG,128000,128,3194,82.6,,
EV100771,2024,Maharashtra,Cargo,Hyundai,2497000,167,435,11.3,,
EV101088,2024,Maharashtra,4W,TVS,800000,253,237,6.1,,
EV100102,2024,Odisha,2W,Hero,44000,130,5253,38.0,,
EV100550,2024,Odisha,2W,Hyundai,143000,114,6726,48.7,,
EV100837,2024,Odisha,4W,MG,1377000,273,1099,8.0,,
EV100954,2024,Odisha,4W,BYD,1066000,330,741,5.4,,
EV100068,2024,Puducherry,3W,TVS,79000,186,480,2.0,,
EV100385,2024,Puducherry,2W,Ather,77000,167,10950,46.2,,
EV100454,2024,Puducherry,3W,Mahindra,227000,146,2326,9.8,,
EV100677,2024,Puducherry,2W,Ola,77000,118,1262,5.3,,
EV100885,2024,Puducherry,2W,Hero,78000,115,5593,23.6,,
EV101075,2024,Puducherry,3W,Mahindra,194000,131,502,2.1,,
EV101192,2024,Puducherry,4W,MG,2847000,319,2566,10.8,,
EV100172,2024,Punjab,2W,Ather,80000,106,1029,3.5,,
EV100353,2024,Punjab,2W,Mahindra,142000,118,13625,45.8,,
EV100413,2024,Punjab,2W,Hero,34000,97,12147,40.9,,
EV100415,2024,Punjab,2W,Tata,69000,120,362,1.2,,
EV100731,2024,Punjab,4W,TVS,574000,303,2558,8.6,,
EV100100,2024,Rajasthan,2W,BYD,82000,141,1542,11.7,,
EV100447,2024,Rajasthan,4W,Bajaj,411000,371,548,4.2,,
EV100605,2024,Rajasthan,2W,TVS,85000,139,1817,13.8,,
EV100821,2024,Rajasthan,4W,Tata,1392000,223,2102,15.9,,
EV100992,2024,Rajasthan,2W,Hero,47000,111,7205,54.5,,
EV100130,2024,Tamil Nadu,2W,MG,120000,109,2819,8.2,,
EV100181,2024,Tamil Nadu,2W,Bajaj,41000,129,2993,8.7,,
EV100351,2024,Tamil Nadu,2W,Ather,63000,116,12743,37.1,,
EV100487,2024,Tamil Nadu,4W,Mahindra,1311000,326,2560,7.5,,
EV100606,2024,Tamil Nadu,2W,MG,134000,128,10126,29.5,,
EV100774,2024,Tamil Nadu,4W,Hyundai,1488000,314,118,0.3,,
EV101041,2024,Tamil Nadu,3W,Ola,146000,158,2975,8.7,,
EV100064,2024,Telangana,2W,TVS,36000,123,5523,14.0,,
EV100124,2024,Telangana,4W,Ola,1319000,309,706,1.8,,
EV100250,2024,Telangana,2W,BYD,136000,131,10965,27.9,,
EV100368,2024,Telangana,2W,Ather,76000,124,10033,25.5,,
EV100565,2024,Telangana,2W,Hero,57000,141,5541,14.1,,
EV100715,2024,Telangana,4W,Ola,1263000,298,431,1.1,,
EV100850,2024,Telangana,2W,Mahindra,130000,114,6139,15.6,,
EV100070,2024,Uttar Pradesh,Bus,BYD,18625000,185,179,3.3,,
EV100152,2024,Uttar Pradesh,2W,MG,162000,103,1726,32.1,,
EV100462,2024,Uttar Pradesh,2W,Tata,94000,119,3479,64.6,,
EV100461,2024,West Bengal,3W,Hero,51000,123,3421,7.7,,
EV100464,2024,West Bengal,2W,Bajaj,54000,119,13195,29.8,,
EV100585,2024,West Bengal,2W,Hyundai,137000,117,11924,26.9,,
EV100802,2024,West Bengal,2W,TVS,58000,101,7107,16.1,,
EV100815,2024,West Bengal,2W,Ola,70000,92,8622,19.5,,
EV100242,2025,Andhra Pradesh,2W,Hero,37000,111,13995,36.9,,
EV100783,2025,Andhra Pradesh,2W,Mahindra,128000,108,13690,36.1,,
EV101062,2025,Andhra Pradesh,2W,Ather,82000,120,10212,27.0,,
EV100151,2025,Assam,2W,Hyundai,160000,113,8951,32.9,,
EV100222,2025,Assam,2W,Hero,62000,108,10491,38.6,,
EV100473,2025,Assam,2W,Hero,37000,161,806,3.0,,
EV101133,2025,Assam,2W,Hero,77000,100,6964,25.6,,
EV100116,2025,Bihar,4W,Ather,1909000,350,1707,12.7,,
EV100508,2025,Bihar,3W,Hyundai,144000,142,281,2.1,,
EV101074,2025,Bihar,2W,Mahindra,123000,132,8232,61.0,,
EV101169,2025,Bihar,3W,TVS,70000,123,3271,24.3,,
EV100010,2025,Chhattisgarh,4W,Mahindra,2032000,340,477,1.1,,
EV100098,2025,Chhattisgarh,2W,Hyundai,93000,98,7955,18.4,,
EV100208,2025,Chhattisgarh,2W,BYD,79000,69,1877,4.4,,
EV100647,2025,Chhattisgarh,Cargo,Hyundai,2504000,113,1183,2.7,,
EV100689,2025,Chhattisgarh,2W,Tata,68000,141,11251,26.1,,
EV100925,2025,Chhattisgarh,2W,Hero,77000,166,4826,11.2,,
EV101066,2025,Chhattisgarh,4W,BYD,2572000,345,1372,3.2,,
EV101081,2025,Chhattisgarh,Cargo,Bajaj,1342000,224,951,2.2,,
EV101135,2025,Chhattisgarh,2W,Mahindra,116000,104,13300,30.8,,
EV100358,2025,Delhi,4W,MG,1164000,227,1968,16.6,,
EV100790,2025,Delhi,3W,Ola,98000,129,1021,8.6,,
EV100819,2025,Delhi,2W,Hero,49000,123,8103,68.5,,
EV100826,2025,Delhi,2W,Tata,131000,73,746,6.3,,
EV100159,2025,Goa,2W,Ola,70000,140,5199,61.0,,
EV100167,2025,Goa,Cargo,TVS,2082000,145,368,4.3,,
EV100571,2025,Goa,4W,Ola,1166000,341,2192,25.7,,
EV100695,2025,Goa,Bus,Ather,16899000,251,314,3.7,,
EV101097,2025,Goa,4W,Tata,1098000,354,447,5.3,,
EV100604,2025,Gujarat,4W,Bajaj,639000,348,2447,11.6,,
EV101035,2025,Gujarat,2W,Tata,67000,96,14166,66.9,,
EV101131,2025,Gujarat,2W,Ather,73000,123,4577,21.6,,
EV100488,2025,Haryana,3W,Mahindra,121000,134,2786,20.5,,
EV100572,2025,Haryana,4W,Tata,1568000,287,1304,9.6,,
EV100663,2025,Haryana,2W,Tata,69000,111,3299,24.3,,
EV100757,2025,Haryana,2W,BYD,70000,82,4762,35.0,,
EV100983,2025,Haryana,Bus,Hyundai,14866000,187,83,0.6,,
EV101063,2025,Haryana,4W,Tata,2785000,400,1366,10.0,,
EV100741,2025,Jharkhand,Cargo,Bajaj,1457000,199,1250,100.0,,
EV100219,2025,Karnataka,2W,MG,117000,113,2667,23.0,,
EV100901,2025,Karnataka,Cargo,TVS,1216000,163,888,7.7,,
EV100991,2025,Karnataka,2W,Tata,110000,177,6952,60.0,,
EV101126,2025,Karnataka,2W,TVS,79000,108,1072,9.3,,
EV100091,2025,Kerala,2W,TVS,78000,86,4915,15.9,,
EV100174,2025,Kerala,4W,Hyundai,1151000,273,698,2.3,,
EV100210,2025,Kerala,4W,BYD,961000,323,2015,6.5,,
EV100312,2025,Kerala,2W,Ather,69000,111,5715,18.4,,
EV100540,2025,Kerala,2W,MG,142000,116,8738,28.2,,
EV100630,2025,Kerala,4W,TVS,903000,374,470,1.5,,
EV100680,2025,Kerala,4W,Hero,443000,334,1822,5.9,,
EV100748,2025,Kerala,3W,MG,150000,109,2503,8.1,,
EV100915,2025,Kerala,2W,BYD,115000,138,4142,13.4,,
EV100191,2025,Madhya Pradesh,Cargo,Tata,3725000,199,409,2.2,,
EV101029,2025,Madhya Pradesh,2W,MG,100000,148,13699,73.2,,
EV101043,2025,Madhya Pradesh,2W,Hyundai,95000,153,4600,24.6,,
EV100002,2025,Maharashtra,4W,TVS,1285000,320,2179,23.8,,
EV100029,2025,Maharashtra,4W,TVS,1528000,373,218,2.4,,
EV100481,2025,Maharashtra,Cargo,Hero,1033000,191,295,3.2,,
EV100784,2025,Maharashtra,2W,Mahindra,108000,107,6477,70.6,,
EV100301,2025,Odisha,4W,BYD,1107000,262,1089,18.6,,
EV100842,2025,Odisha,4W,TVS,1142000,296,1017,17.4,,
EV100974,2025,Odisha,3W,BYD,205000,126,2838,48.5,,
EV101056,2025,Odisha,4W,Mahindra,1926000,353,905,15.5,,
EV100142,2025,Puducherry,3W,TVS,81000,126,1783,18.0,,
EV100584,2025,Puducherry,3W,Tata,156000,184,1333,13.5,,
EV101149,2025,Puducherry,2W,Ather,56000,141,6797,68.6,,
EV100350,2025,Punjab,4W,Mahindra,2496000,251,1458,66.0,,
EV100800,2025,Punjab,4W,Bajaj,908000,239,752,34.0,,
EV100226,2025,Rajasthan,4W,Ather,1961000,336,1751,100.0,,
EV100009,2025,Tamil Nadu,2W,TVS,51000,100,4393,24.6,,
EV100311,2025,Tamil Nadu,2W,Hyundai,127000,129,2947,16.5,,
EV100785,2025,Tamil Nadu,2W,Hero,79000,101,1082,6.1,,
EV100945,2025,Tamil Nadu,2W,Bajaj,29000,133,8137,45.7,,
EV100964,2025,Tamil Nadu,4W,Tata,1278000,310,1267,7.1,,
EV100139,2025,Telangana,2W,Hero,48000,87,2856,16.9,,
EV100556,2025,Telangana,2W,Hyundai,72000,87,14081,83.1,,
EV100030,2025,Uttar Pradesh,2W,BYD,145000,139,1280,2.9,,
EV100127,2025,Uttar Pradesh,2W,Hero,41000,121,6962,15.8,,
EV100258,2025,Uttar Pradesh,3W,Bajaj,87000,159,999,2.3,,
EV100272,2025,Uttar Pradesh,Cargo,MG,3875000,197,1067,2.4,,
EV100694,2025,Uttar Pradesh,4W,Ather,1984000,301,1914,4.3,,
EV100736,2025,Uttar Pradesh,2W,Tata,111000,116,13689,31.0,,
EV100889,2025,Uttar Pradesh,2W,Hero,74000,99,1820,4.1,,
EV101136,2025,Uttar Pradesh,2W,BYD,101000,136,6329,14.4,,
EV101137,2025,Uttar Pradesh,2W,Tata,97000,148,10037,22.8,,
EV100393,2025,West Bengal,2W,Mahindra,111000,132,14164,48.3,,
EV100848,2025,West Bengal,Cargo,Tata,3061000,150,1220,4.2,,
EV100887,2025,West Bengal,2W,Bajaj,52000,120,12568,42.9,,
EV100943,2025,West Bengal,3W,BYD,250000,175,1349,4.6,,
,,,,,,,,,,48.3
,,,,,,,,,,4.2
,,,,,,,,,,42.9
,,,,,,,,,,4.6
